agqmfcrsobzu, aubmkqfroscz, g, k
voahlmqipgye, vqpihgelykmo, a, k
icjpwqdelrhm, wchejmpiqrlz, d, z
ynaelopmixsk, nopatiemyskx, l, t
dorltfsavhgb, latovrhbfgsn, d, n
uegipjalcovh, pjyivcehgoul, a, y
obpwgrjuqnds, rpuqwdgnsyoj, b, y
hzisbnlodxqc, hbxiwoszqlnd, c, w
yjpximqlfkos, ypxiokfjlqsr, m, r
mjbatxroznlg, onrmbwgxaltz, j, w
cibkjsoeyrwn, wlkobrnsiyjc, e, l
eimntkxqpufy, xtqnkbypfmie, u, b
udnltwjasxmv, ldxbtjmusawv, n, b
jukgestnobmw, hkogeuwnjtmb, s, h
gpurvyaewjqb, pevgzyujbraw, q, z
bmvloungfhwd, mlgxouvfbhwn, d, x
krzvctoxdnya, ocxgryztakdn, v, g
atmgcqjeidxz, dcgajteuzqxm, i, u
yabfvjetcgdi, tbyaivdjgcen, f, n
szhvtqjoxgym, htmayzjgsvoq, x, a
bzsdqmlgoxnp, qznmdxslpfgb, o, f
ofekaiscdzqy, ekqayfiosdmz, c, m
jpibdlqgketu, kbqltepudzij, g, z
mwperoubqhjz, opuqmwherzjt, b, t
fsutyvpwjadr, rjwfvaysupdx, t, x
ajhngbzkoywe, nmyhaowjkgeb, z, m
hlexacvwzuig, xelvcagzuihd, w, d
piyurxfbmwko, trxiwbyuopmk, f, t
saflcrxzmdki, xzqsimdafklc, r, q
axocrgdltmin, otgailmnyxrc, d, y
yprikvubftzj, jcztiubvyrfp, k, c
klcovfidwbqt, uidbfctlowkv, q, u
jpibdlqgketu, bfuljqptdkeg, i, f
vufpjtqksghm, fkvrhsuptgqm, j, r
rcwumxapntkd, ctfkmwxnpudr, a, f
qbemfpystcxw, cbyamsxfqwpt, e, a
stwexgrnuymz, wxztesurjmgn, y, j
jcxwdzrhktil, xtrdkzicjlwo, h, o
gxiojrszlpcd, gjzlcnpixosr, d, n
vpgyjsoabhfq, jbpqygxvfaoh, s, x
mvfqndhoxiuk, ckdqnfmhoivu, x, c
jizbmxstouvl, iuemjsvtlxbo, z, e
ldabuvrtczhj, hjdbcultzpva, r, p
fqkrxnbuzioj, bzonpxrkqjiu, f, p
fevicwurykog, avukecofgryi, w, a
ajbtuschrnkv, fhtvuarjcbsn, k, f
ndowyjlzqegk, wjzeoktynqlg, d, t
vdhemnkpsbct, htbmskcdvena, p, a
amqsndpycexk, mpnckdxtqsea, y, t
qtlnhgxzjybp, qxnzhtjlypbm, g, m
sbozgunklxjf, nubxzkgyjfsl, o, y
mweurkbotplx, povelkmwubxt, r, v
htakqusbxdev, evdmstuhxqab, k, m
ehyxrtivszmo, vuersmhxzyto, i, u
qsewkgdiybtl, bdekipytsqgw, l, p
yprikvubftzj, tryfjevukibz, p, e
htakqusbxdev, uatqxbklsdvh, e, l
lmxqfpvureon, lxqeramufpon, v, a
cbljfdnmiktu, ejfnutbimckd, l, e
hcozenkvdumq, uhnvpdkoemcz, q, p
lzcvmohtkqdf, fkmdvhlcwoqz, t, w
niawchzgbpsq, nezacbiqpsgh, w, e
xivdqarzjkog, jhiqoxazdvgk, r, h
bjmepwrvqxgy, wjqxrygmlvbe, p, l
xtrdkzicjlwo, jcxwdzrhktil, o, h
uzlrbcdiwtmg, pbgcmztuilwr, d, p
bctwkvguhyzp, ghpbqwktucvy, z, q
bgykzstleonp, ukyopzlbtgsn, e, u
byxedvpzwars, sbwpzvmryaed, x, m
nibzukosltmv, vezstlomikbn, u, e
fojlzrdgapcv, rcxpzvgojafd, l, x
crdbaqilfkyx, kyifwlxacqbd, r, w
fqkrxnbuzioj, fnqhrbkuioxz, j, h
cfnuxowtjmzb, unjoxwfmzctg, b, g
zmvpyocubnsq, burzmvnypcso, q, r
poyihqvwtgnr, vqhwporyngiu, t, u
puecfhwodsbg, bogseudftwhp, c, t
lobvhysiwgmz, cgwoivlhysbz, m, c
wvxikzrqtemd, rzmwfdkexqit, v, f
kgsdtqulczei, ibtkdzsgqlec, u, b
hiacznurjoty, injtzkhcoyur, a, k
qbxptcgkjuhz, puskjzqhcbtx, g, s
ywbemztjkvuc, uelmwytzkjvb, c, l
ywbemztjkvuc, mzyufjkwvtcb, e, f
eugmtbrhzwvf, drhbegzwfvmu, t, d
syeimphwxglu, mepjusyhixgw, l, j
akcyqepjnrom, nrpeykqocajg, m, g
drhbegzwfvmu, eugmtbrhzwvf, d, t
hbcrvjkufwlg, ucjkgrlvfqwb, h, q
xiyvqpwjnuez, qxiewypavjun, z, a
fzshalnktxvj, hfxsvnpjzatk, l, p
cxeibrwytlsp, xtrliqeywpsc, b, q
vqlmdunrtbpy, qxmdurpynvlb, t, x
vthqmoajyrun, pvjynrmtahuq, o, p
phukclfsveam, lhsmakpiucve, f, i
rhnsquiefkzp, hkiquprsfzln, e, l
nhdxqkaygsob, oxrbsakghdyq, n, r
fvzhbrdsawmg, bwevsrhmdfza, g, e
pultagjzqwho, ujtpaoqlzegw, h, e
wromxedhjkus, xomwjkeidshr, u, i
svwzurbyimqh, hiarqwvbsyum, z, a
bxgapmdoylsi, gobysnmidxap, l, n
ijxsfcqgyoul, jisfluocygeq, x, e
ktvfdcqsaynw, dfyatnqcvkuw, s, u
wxztesurjmgn, stwexgrnuymz, j, y
fbsdwmxqekan, snkdbfuxwemq, a, u
dqeyfihljavg, ijhqgflytdea, v, t
gqtfroldewsn, eatwsfnqgldo, r, a
huvltcoingfe, cegiuhvltfsn, o, s
kxjgeptlvzis, jksxlgntvpze, i, n
ktvfdcqsaynw, tycvknfawqsh, d, h
smyzxnfobvdh, mbdzovhxnrys, f, r
cfnuxowtjmzb, bzmkncufjtxo, w, k
syeimphwxglu, lxhuwspmyirg, e, r
phylcwrzqoas, zaohycwsrplf, q, f
ewijdsozvlxm, tixlmedzjwvs, o, t
gbcavkoqlusf, ouvpfgcblaqs, k, p
kyewratlvzof, oylufkrzwvae, t, u
jboflunsyaem, auzlfojbesmy, n, z
edsoxqugrbma, geourmdxbqfs, a, f
sydaqbczvumi, saivzuydkmcq, b, k
ibztrpxcgvju, jvbiotrcguxz, p, o
yoxhacskmgbl, ymkhaucgxosb, l, u
weftsbncovyj, extwvocjbnsy, f, x
huwbenzpymrs, sbmzwyhefnup, r, f
aewkgqbcvrzs, shzbevragcqw, k, h
gtoyunpiejxd, unpdysxtiejo, g, s
iawvbjsokcmt, smjtkwvcoari, b, r
tdnubagxwoih, xhuoatwpgdbi, n, p
gdounvpisqkc, ivulqocknsgd, p, l
jtqowvdialpu, lqiptuajodvk, w, k
rbjinsmahuxc, rbjvcxsnauhi, m, v
chkxbmriylzg, ylcximbhknzr, g, n
xofgcptvhnum, xuhgtbvfpmnc, o, b
nbjoauzmglqw, fqgmnlazwoub, j, f
bkjgshexftmo, jersoghtkmxb, f, r
qigknalzxeoc, oakliecxdzqg, n, d
bxgapmdoylsi, sabdlpxmoiwg, y, w
qvfzdsxhicoe, fseoqdvicznx, h, n
ersiglzjqvbd, yqdbesljrvgi, z, y
bmwedfyigpkj, jnewgfiypkdm, b, n
gjtdwlvrbxyp, ylpjwoxdvbrg, t, o
buykntfdszjr, zxkbstduyrfj, n, x
kixrzfgmocsh, hscgfxjrmzik, o, j
slxpfohemcza, olsmpfheazxw, c, w
gvnxysoetkuh, gouxhkvnsmyt, e, m
omdzbgxswqer, kmqgdzobsxwe, r, k
nopatiemyskx, ynaelopmixsk, t, l
phylcwrzqoas, rlyapqvwhczs, o, v
nygmpbehoafi, ymnghofbajie, p, j
berskjpxglzw, lqexbwksgrzp, j, q
nsjfzxhbgvuy, ujyhbxnsvtgz, f, t
vqhwporyngiu, poyihqvwtgnr, u, t
myrgfkihnpwx, wmhpgikcrnfy, x, c
sayxigwcvblh, xsyghvbwjcli, a, j
oaidbyuqtvxf, qduvfieoytbx, a, e
crydfgztxbiv, dzfxgtbnrcyv, i, n
disvneohpjcf, csvfehnjgdoi, p, g
wxlmtqbafisk, fmiaekltqbxs, w, e
cquvxitognew, cediwouvgxtn, q, d
vlocgpdhrstx, orcspldgthxk, v, k
krqvfgxmpynj, gjyfqnvlmxkr, p, l
zmreywujxbkq, fzbjyxewkruq, m, f
szlyktxavjfr, avtlrszyfkjp, x, p
sacfouwhmndi, cauofjwnihdm, s, j
cfdqygawrhpo, grfqpwhoaced, y, e
lxhuwspmyirg, syeimphwxglu, r, e
iwvqjuxdcloh, uwdjoilhqcvn, x, n
minfjsrgaplq, rapileqmgfnj, s, e
ymbcvutkzdrf, ucfvbzytrpdk, m, p
nwapuomgxydt, nxatgdhpmwyu, o, h
lxqeramufpon, lmxqfpvureon, a, v
roukbsvjzpcd, uksbgvordjpz, c, g
xqnzljbfsmoy, qsxmjhoylnzf, b, h
kwifhpvbsdty, ivksfbmtwydh, p, m
rldoayexhtgs, dygcetslorax, h, c
uatqxbklsdvh, htakqusbxdev, l, e
dutzloxnkwbs, lnkozdtsuabw, x, a
nygmpbehoafi, bfzaiohnmepy, g, z
ekqayfiosdmz, ofekaiscdzqy, m, c
uvqxzpebciow, kzbqpucieowx, v, k
wlkobrnsiyjc, cibkjsoeyrwn, l, e
iwvqjuxdcloh, jcudqzlhovxw, i, z
hbpesozlvqrn, zkolqphsvben, r, k
aoekzjtrsgdp, rotzjgkpalde, s, l
jcztiubvyrfp, yprikvubftzj, c, k
ikypslwavczr, gsirywzpcalv, k, g
fvurkgzdihsw, fucwkshgvizr, d, c
tmxsuhdrbfgw, rgxfdnmbwths, u, n
npiygcjrqhab, rcjbfpiayqgh, n, f
wgtbpulvzmks, mkvwtphzgubl, s, h
fyduzrwmvati, wytarmzvlfud, i, l
zqrgjnmibvsc, bqcinsmgtjrv, z, t
unzldhsmogvj, jvzmguosndrl, h, r
mepjusyhixgw, syeimphwxglu, j, l
rlyapqvwhczs, phylcwrzqoas, v, o
lrnihextgacq, ahqiunlctreg, x, u
odwjvmpyrhxi, xpmyoihvrfdj, w, f
irbfcmqyopdx, rcfqibyodxtp, m, t
ycxmwtjlrgpv, wpxmcrjoygvl, t, o
kujdnypimxwr, udworyipjmkn, x, o
vwbhasjfxdcr, hrcpvswxfdja, b, p
dnfywcoprazq, odxnzcwaqyrf, p, x
dtsojklerbxh, dhtjoblxersn, k, n
bzhwxngfouat, nziotghfxuwb, a, i
sbwpzvmryaed, byxedvpzwars, m, x
gcomwrheaqdy, yearmgcowshd, q, s
lkfejoctihyp, jtqyoficlhep, k, q
vtpbfnexmjol, jvbsmteolfxp, n, s
wdvsnpkabfij, dpjnsvfaqikb, w, q
iaxjombzwcnp, jpnwmczakoxb, i, k
doypbugxqvci, ebcvuqixogpd, y, e
kciwlxohdysj, zsyxdwhokcil, j, z
xuijpofkemza, famjpwxzueko, i, w
yjkutvdfwzig, vfylkuitgzjd, w, l
ngebcrdovkli, kmenvlrdicgo, b, m
tbuazvldsnjf, uzsvjnoltfdb, a, o
rpuqwdgnsyoj, obpwgrjuqnds, y, b
ptjqekgdfwhr, wjfrcqgtkdph, e, c
xajwhbpiqyfc, bwcpafhxirqy, j, r
fsyrmigonquh, hyisrofcnugq, m, c
kidrazcbnyfq, kqaciyfzhbdr, n, h
lkfejoctihyp, lkdhjoipyefc, t, d
tfsdxeywmkiu, swftkixpmyde, u, p
gypvlmtdosab, tyovlsagmdkb, p, k
tvanirfjcekw, rtcjnswvefia, k, s
orjwhebstzan, snfrjzthabwo, e, f
klrbwaixpvfn, fiwubrlaxkvp, n, u
otgailmnyxrc, axocrgdltmin, y, d
uszbcyqnkdea, zdbaeyknsuiq, c, i
sxbcoetlkqzp, sebzpoxtcmqk, l, m
zluwbepgtrmy, bgyuestmrwlp, z, s
ayijltufvmhs, sjmvtyiahrfl, u, r
dbxofslhqanj, bkdoqnlxhjsa, f, k
yvzmknoxsdqw, nfkvywqxmods, z, f
erbwftzxqmap, qrxtazcpemfb, w, c
xcsaeubgkvjd, gusajxbhcekv, d, h
zjiebfdvnthc, vjbfznceudih, t, u
iatejzmspbld, srmtlabdjezi, p, r
orjwhebstzan, nvohztwrsbae, j, v
xsyghvbwjcli, ijbzswvyhgcx, l, z
ejbvfirgpxuo, ogfrecuibjpv, x, c
yfpveigjahzr, zeyfvjhaprug, i, u
wzihcebumpot, mwzbpeurtioh, c, r
ymfkwepdqrah, kawrqfdyhmpo, e, o
rldoayexhtgs, sezyoxthladg, r, z
bfuljqptdkeg, jpibdlqgketu, f, i
puskjzqhcbtx, qbxptcgkjuhz, s, g
gobysnmidxap, bxgapmdoylsi, n, l
jhdcyqxelubm, xeducbhlvmyj, q, v
qrxtazcpemfb, erbwftzxqmap, c, w
btvxpdroskqm, qkrdzpovstxb, m, z
vdohpxalgbty, glyotdnxhvpb, a, n
bmtyadziergs, byetikmgrdsa, z, k
quxpfhydwimv, hcpqiwvdumyx, f, c
gsvmkidfzyjh, kdiznshfjvgy, m, n
xwrcinkdupts, nuxpicstrkwl, d, l
radcyftpjmve, jfytramceqdv, p, q
injtzkhcoyur, hiacznurjoty, k, a
bmdizxsarwut, dimuxbprtasz, w, p
qxsmhzrvnkeu, ruqzxanmhsvk, e, a
jbivantmkxpz, kvipanbtmfxz, j, f
rtxosyvzhlpm, vxmlbhtpzrso, y, b
xsyghvbwjcli, sgcbhxjlywin, v, n
kuxbsfhvgezn, xwehkvugsnzb, f, w
sobyicvpxand, sqinbdvayoxp, c, q
uzsvjnoltfdb, tbuazvldsnjf, o, a
srmtlabdjezi, iatejzmspbld, r, p
dpjnsvfaqikb, wdvsnpkabfij, q, w
zysochuxeint, esyzhonxmcut, i, m
axtuncslkyrq, nlsxoqyktcar, u, o
unpsovzegdim, vmoinzpbdeus, g, b
jhnskwcepagf, sedachwgnfjk, p, d
bymutdoxkhcz, utodhsxbyckm, z, s
lburmdncxofg, dcrgbnluoymx, f, y
gthzdslcvnex, xhnsgbzcvdet, l, b
qvhndcbmzisa, qdapnbiscvmz, h, p
tvrcwuzkspya, cuzrgvptwyas, k, g
vcsoukgtnwyj, gwdctyunvjko, s, d
avukecofgryi, fevicwurykog, a, w
dplcwvtybxeo, cotpwfvblxed, y, f
ejbvfirgpxuo, dojpvxubgfre, i, d
pugckwobqaye, obuclegkqayp, w, l
jkyqzwugrmxs, ynurwjgmzqks, x, n
xelvcagzuihd, hlexacvwzuig, d, w
dygcetslorax, rldoayexhtgs, c, h
hscgfxjrmzik, kixrzfgmocsh, j, o
hkgezwuvrpns, vphgknwtzusr, e, t
yvdnikpbmgor, yorjpvgmkndi, b, j
yvdnikpbmgor, eindgpvykmrb, o, e
avtlrszyfkjp, szlyktxavjfr, p, x
zbijvctlauqs, qlciauzvpbtj, s, p
uidbfctlowkv, klcovfidwbqt, u, q
sxbtowazkrqc, baoczkqrxtus, w, u
fkvrhsuptgqm, vufpjtqksghm, r, j
ajmbzluwrvdq, abmjzurpdqwl, v, p
fdtvumsnlcqx, lvuxnqdkmsct, f, k
lgfdcuxpbeia, caghdepuilbf, x, h
lburmdncxofg, gucnmxrvlfob, d, v
tponrzkdgfse, enopztrgsfyd, k, y
wivujzfnsqpg, pwufsgxijznv, q, x
rcfqibyodxtp, irbfcmqyopdx, t, m
jbgosixpewuf, soeibjuxgfwt, p, t
pjyivcehgoul, uegipjalcovh, y, a
kbghdemuionl, ghkmnyudolbe, i, y
rqyexpijgbuk, qybuiorkepjx, g, o
nvohztwrsbae, orjwhebstzan, v, j
wzgvbosqfujl, fzougvbslcwq, j, c
vcsoukgtnwyj, skjfvtuwgnyc, o, f
bcdvsruztoql, qdtwluvszcob, r, w
yfseijknuqab, fsknbuqjeoyi, a, o
qrmfwgctayxs, wegqfymtraxs, c, e
bygormwqilah, qmlrahwgiyox, b, x
ivulqocknsgd, gdounvpisqkc, l, p
ykxfuosmlepn, ludemnxysopf, k, d
psjngodmzryh, zjgomlndhyrp, s, l
hoqcunslyemb, esfhuomnlycb, q, f
xrvamqjinfkw, jqmwavrxiykf, n, y
gthzdslcvnex, nvxcltdgszhb, e, b
tbuazvldsnjf, fsndboujlvat, z, o
xdtzombpsgfw, fgdbmzxtposv, w, v
wveafxpihjys, waxfjpylihse, v, l
kvfibuhtmczr, stuzvmicfbhr, k, s
xsyghvbwjcli, sayxigwcvblh, j, a
uelmwytzkjvb, ywbemztjkvuc, l, c
vpgojniutrez, rpotnzgveusj, i, s
kblowuepnyif, onfbcyeulkiw, p, c
zwjruypqohkm, yzfkrwujpqmo, h, f
qxnzhtjlypbm, qtlnhgxzjybp, m, g
rcfqibyodxtp, qfcibxyapdrt, o, a
wxtrybajkhdg, akhygdlrwjxb, t, l
iapxedtbchfk, kzipctxefhba, d, z
uzsvjnoltfdb, fsndboujlvat, z, a
usoqzkncajrm, jcqmarikozun, s, i
enopztrgsfyd, tponrzkdgfse, y, k
zjhaicbgxydq, gxqjndazihyb, c, n
zkwtdybmfjop, wypbomfzdtgk, j, g
latovrhbfgsn, dorltfsavhgb, n, d
vcajzxhfkynm, vykajzhnlxmc, f, l
zbijvctlauqs, tbculsjzqari, v, r
cbypaxtujnvf, pavyctxenfju, b, e
augqykmnzice, auygzqecibnk, m, b
drmqwbeafxvi, dfmvzqbrwaxi, e, z
jnqfpwdtcevb, vtbencdfwjop, q, o
kmyaowxqztug, uoqygztmaxks, w, s
npovfekusjxr, fxyenvrkspju, o, y
rcxpzvgojafd, fojlzrdgapcv, x, l
yklvnbxeigju, rjlnybvxugke, i, r
rigqtbazcowl, crqtigloweab, z, e
onzxubwrcsfl, sznrxiblouwc, f, i
hkogeuwnjtmb, jukgestnobmw, h, s
chdjifnbzmsu, ncbdjtsfzhiu, m, t
ibwjsodfumvc, fodsmucbijzw, v, z
cmzyliwjnudb, wldymkuzbjnc, i, k
npovfekusjxr, xnjposumvrkf, e, m
hpezlsxijrkq, qxzlstprjeih, k, t
xqbthzrojnmv, mexqovtnjhbr, z, e
rlthigdaybzv, yrgzhwdtvlai, b, w
crnlhvgoxzdw, rlhzdgxmownv, c, m
uqrjaoptybhk, kyqjtgpaohub, r, g
cdaesgrvqjuf, jurvsldaecfq, g, l
bnsoykpuhlqd, ovyqhulksdnb, p, v
ekvtxdoymfgc, gdtmaexykvfo, c, a
dpotghyekjua, jhyapdrukteo, g, r
mhsrcunqxpja, rhsnaqumpjcw, x, w
okyzstcmfxvq, svfxzmtpckyq, o, p
qfovdislgncu, ivulqocknsgd, f, k
luzmfbotyjri, bljidzmrotyf, u, d
pkqsafcyxgul, lkacfsgxqunp, y, n
fsqmvkidapjb, dpjnsvfaqikb, m, n
foyasmeubkxh, xykrbauhoemf, s, r
dpjnsvfaqikb, fsqmvkidapjb, n, m
ivulqocknsgd, qfovdislgncu, k, f
lbthspunxfgq, tpbxnqefulgs, h, e
zjemgravbuso, zegaqbosmruv, j, q
ualcwxemrpvn, xmeuravwklnp, c, k
egonutvicqmr, rmtnovuxgcie, q, x
zdnaqelhjvbc, ldcvnpjhzqea, b, p
tqvxdyglazep, lexpdqrzgayv, t, r
lidqcbhfwmzs, imdlqsncbhwz, f, n
phrqynsailmw, swrmiqlghypa, n, g
jurvsldaecfq, cdaesgrvqjuf, l, g
dcgajteuzqxm, atmgcqjeidxz, u, i
kadsmbjgnzet, akgnsjldztbm, e, l
vzfkgslmweqo, vbszmowefgqk, l, b
lmucyaxonrgp, ugnamlirpxyo, c, i
yiefpsdcnzwt, bswfczpndyte, i, b
psemtcafwnhq, aqmtcsfphgew, n, g
uypendsxawmt, husynwpexamd, t, h
somcqghnltuj, snhotqgymcju, l, y
zraxsqukvwel, zwslakmeuvxr, q, m
drgowlxabvts, swvroladbgqt, x, q
wchejmpiqrlz, icjpwqdelrhm, z, d
ozrxcyagfkei, ozeikfucxgra, y, u
ctfkmwxnpudr, rcwumxapntkd, f, a
nkblmhigdyzw, kzwumdyhilnb, g, u
demxfhqbniow, hdonbmfqxewu, i, u
kctluborzayg, gtkozlcavyru, b, v
ahebogxtmcui, oumbtlieagxh, c, l
zhajuledisvq, vloujzqhadie, s, o
tghubxnaswoy, hebtsaguywxo, n, e
vmoinzpbdeus, unpsovzegdim, b, g
tbculsjzqari, zbijvctlauqs, r, v
muxowqdgknhc, ewdugnkqhcom, x, e
jyipqxnuboza, aoxnbizuptyj, q, t
lhsmakpiucve, phukclfsveam, i, f
wrdptxfgvbjk, bxutpvwdjrfg, k, u
rzayowuhmdqe, zrdqwameuhgy, o, g
wnypxadkthug, nxatgdhpmwyu, k, m
nhwvaqcyfgrz, hyzwcnguqavr, f, u
crnlhvgoxzdw, ncldthxvgowr, z, t
ldcvnpjhzqea, zdnaqelhjvbc, p, b
pxtfrqljmena, nfpeqamtklrj, x, k
kqaciyfzhbdr, kidrazcbnyfq, h, n
awdgnsueczmq, bswdnuzeqmga, c, b
uwdjoilhqcvn, iwvqjuxdcloh, n, x
rnjkzvudgefx, gvckrezxunfd, j, c
kmxcjfiyzhwe, jemicfokwxhz, y, o
hqempkryjbxu, mjqxueybopkh, r, o
qdtwluvszcob, bcdvsruztoql, w, r
tpndxwmfgrys, rtfgwpxvnmyd, s, v
rmyoidqfaucx, cxrmfohuydaq, i, h
yfnhxqwpulcg, gfpluycxnrwh, q, r
skprqjubxgfo, gqxuksaopfbr, j, a
rtfgwpxvnmyd, tpndxwmfgrys, v, s
rxyeghtvmabu, amrytegvsxhb, u, s
pawiqtmysrlz, zpqmwlarctyi, s, c
waxibjgyuevt, ytiebwxjuvog, a, o
geourmdxbqfs, edsoxqugrbma, f, a
xhnsgbzcvdet, nvxcltdgszhb, e, l
whdysfrjzkpn, fhrzwspyjukd, n, u
nmyhaowjkgeb, ajhngbzkoywe, m, z
bzwvimurlkxt, txlkbmvurzwq, i, q
gmesdqnhiubr, nmhsgbixuedq, r, x
mskfwbxypted, swftkixpmyde, b, i
kbrxidesqpvc, enbqrxikdpsc, v, n
vykajzhnlxmc, vcajzxhfkynm, l, f
vzfkgslmweqo, usvlmqfwezgk, o, u
rkqyxeauhnwc, waqnkxebuyhr, c, b
vifwgyhdtazl, yrgzhwdtvlai, f, r
ngxylhzswecq, yzswelxgcpnh, q, p
ibzdsegqhouf, eqfdvhsbzuoi, g, v
psxagyjukwhm, bxapjusgwkym, h, b
zayvlhcjrdgo, jdfvcrhgyaol, z, f
awfdyktlspqv, dpwqfylaskot, v, o
onzvapuxfhgb, gojzabxupfhv, n, j
ckistloabezw, ztoscalbykiw, e, y
vzfkgslmweqo, gsmwzfqlvken, o, n
kvzmbsqerwjc, esbmzrqjckwd, v, d
tylmjzgrfbid, bljidzmrotyf, g, o
rcmoqpavjdsn, gsoavcmrdqnp, j, g
xhnsgbzcvdet, gthzdslcvnex, b, l
bdekipytsqgw, qsewkgdiybtl, p, l
uizhbanjxytp, aoxnbizuptyj, h, o
fsndboujlvat, uzsvjnoltfdb, a, z
kvzmbsqerwjc, kzmewbhscqjr, v, h
sdrkcywzfaob, bwyrkfzdasci, o, i
zhdogtqxkjuy, dqoxkuzghcyj, t, c
jqmwavrxiykf, xrvamqjinfkw, y, n
ufdpjitelkcb, dtbxpulfkeic, j, x
fbxoqemvjcht, vxhoqjfmtabe, c, a
cuzrgvptwyas, tvrcwuzkspya, g, k
cjhwlvzorgpq, xghcrqovljzw, p, x
fklewpnjcqrb, ilqjrenkfwcp, b, i
cieowguvxdmt, cediwouvgxtn, m, n
yfzkbsehtuvx, fgyhtsuxkbzv, e, g
qfcibxyapdrt, rcfqibyodxtp, a, o
gjdpxqcnwive, pjgqndeoxcwv, i, o
etskowjpugzh, ozpjghuwetcs, k, c
nrhuzdxvwcqk, czvhxukdqlnr, w, l
qfgjkroiczud, kqfzowiujrcd, g, w
gjxypwbtnmzu, jnyxcmtbzpwg, u, c
yfnhxqwpulcg, yhbcwqfxlung, p, b
kscqaguetovy, yctvxouqaseg, k, x
cdnvztlbojma, dajvytmnlobc, z, y
oumbtlieagxh, ahebogxtmcui, l, c
ybztjsnedfpw, bswfczpndyte, j, c
tryfjevukibz, yprikvubftzj, e, p
engiytuoazvr, enwrzuitygvo, a, w
stuzvmicfbhr, kvfibuhtmczr, s, k
mukthnqolafz, htamiluzokfn, q, i
cfbgdapmhtzo, mdhzbofkacgp, t, k
nxatgdhpmwyu, nwapuomgxydt, h, o
engiytuoazvr, oqervnuigzty, a, q
bnrqtylfdxks, lrxnftqdmsyk, b, m
eqfdvhsbzuoi, ibzdsegqhouf, v, g
sbmzwyhefnup, huwbenzpymrs, f, r
znroqlkjsbep, genosrzkplbq, j, g
hljkexruqtdg, lqjhkzrgedtx, u, z
lexpdqrzgayv, tqvxdyglazep, r, t
pjgqndeoxcwv, gjdpxqcnwive, o, i
nrpeykqocajg, akcyqepjnrom, g, m
ecavjkilgxou, lxucsavoigej, k, s
hvykcnozuflr, flpohzcnruvk, y, p
byhkisxfceug, xbehgykucsfv, i, v
rzjnhofgpeai, ghizronjeapl, f, l
dsmeorlqxcfj, cedmsrxtqjof, l, t
ldyxoncujtwk, tdnyojicuklw, x, i
cwdbnalgkpyh, uhnwpyaklcbg, d, u
tuspjvfqridn, jripsvnfqtdl, u, l
cyiewgoxuabk, bcjaexyuikgo, w, j
bcjaexyuikgo, cyiewgoxuabk, j, w
isexdfzbqhaj, hdaxefsbijqw, z, w
ixyrcjghawts, zxycitwgjars, h, z
nxatgdhpmwyu, wnypxadkthug, m, k
lbactgmduwkp, tkmwgdcfblap, u, f
tljxqrcmuipv, tqilexrjvpum, c, e
yearmgcowshd, gcomwrheaqdy, s, q
mwzbpeurtioh, etuzwribojhm, p, j
mncueskjvwda, dnwcmvugsjak, e, g
fgyhtsuxkbzv, yfzkbsehtuvx, g, e
eplvuzwgtcos, plgetywvsouz, c, y
mzyufjkwvtcb, ywbemztjkvuc, f, e
rpotnzgveusj, vpgojniutrez, s, i
gvoxmtbcujzp, mzovpxlctgub, j, l
utyqdmhafgbv, dtfayumghvwq, b, w
vnchildeozyx, xnoczdiylhva, e, a
pebtfdxujwhc, whpgbecdtfux, j, g
irxeljfcspgt, jsxrfcebtgip, l, b
tfhqbrxcdjyv, jfdrwbthyvxc, q, w
reqhigbvpztk, mgtiezpqbhrv, k, m
qiyksvbcmjhn, vbsqmgnyicjk, h, g
bnrqtylfdxks, cxbysnkftqdl, r, c
plzciyaekgmo, ypgkclzmouie, a, u
kixlywacqnvf, lwcfzyxkvaqn, i, z
enbqrxikdpsc, kbrxidesqpvc, n, v
lvuxnqdkmsct, kqcsnxtldmov, u, o
hyisrofcnugq, fsyrmigonquh, c, m
lvuxnqdkmsct, fdtvumsnlcqx, k, f
waqnkxebuyhr, rkqyxeauhnwc, b, c
xrnomvslzwae, ysrvwazelxno, m, y
ruikvylgcspo, lkpirguvnoys, c, n
lbhqimxfygnp, byqicgmnhfxp, l, c
zpruekqgcyaw, azepyqcwhgkr, u, h
oxndlegbkquf, dfkegbunotlq, x, t
fsndboujlvat, tbuazvldsnjf, o, z
snfrjzthabwo, orjwhebstzan, f, e
csvfehnjgdoi, disvneohpjcf, g, p
jdnlpouefxwa, ajpelfouindx, w, i
qtjvcfogzrlp, gozjctkqrlvp, f, k
qadeonuxvwyf, alvxqnfduwoy, e, l
jnodsirghzak, fgkarhodsjiz, n, f
damtqgklxcoh, dtgmxclokafq, h, f
browscmfnvkh, brfcmsnykhow, v, y
xwvgjaozqhlr, xghcrqovljzw, a, c
tvrnpxqsmzyb, ybxznmsrvopt, q, o
kdlypwfrzueg, skzrplydfgeu, w, s
mwzbpeurtioh, wzihcebumpot, r, c
pxuorqamygbi, irpqybgaxume, o, e
fybvriumnklp, binuylmprfsk, v, s
esyzhonxmcut, zysochuxeint, m, i
uxnckpvhyizg, phrcuivxgnky, z, r
nepqhumvkzbx, vxhupmkenbdz, q, d
mctyhvpuenjx, jmpuyvhonxet, c, o
jasoenkvbiry, vioknrcabyje, s, c
lwjvtnpumohs, hvumpwojlsrt, n, r
reugnqovbchx, uvxrghecqnto, b, t
hytkseuwoprg, ithyoukwgepr, s, i
jnyxcmtbzpwg, gjxypwbtnmzu, c, u
fpxiqhmokbtr, hxftmkiwroqb, p, w
jlcadfohrqwt, hiawdclofrjq, t, i
kvazmfgprqdi, fpvgkdaxriqz, m, x
saivzuydkmcq, sydaqbczvumi, k, b
lziuehpmdqgc, lcmperdhzugq, i, r
fpxiqhmokbtr, idfhbrkqotxm, p, d
ulyhrxwtkqnd, nrtiwhxdykuq, l, i
spwigocquvhd, hpvduogsciqx, w, x
jvzmguosndrl, unzldhsmogvj, r, h
hseyadtgoknp, krhspeayndgt, o, r
uezbahndvxqp, pzqxdbevhjua, n, j
miznvboesjcl, lvebsjokznmi, c, k
hwebfxltuzvp, utrfwpehbzlv, x, r
zxycitwgjars, ixyrcjghawts, z, h
dzepinkcxyba, bipyaxnczkdh, e, h
xtrliqeywpsc, cxeibrwytlsp, q, b
ckeqndgtlmpr, klhmtqderpcn, g, h
qncixuejktpw, fnuwxckijeqp, t, f
dkmiaeswjouq, qvawjouismde, k, v
pilefgnwqadb, wanlgpdibmqe, f, m
hsrwxkjypevn, rckespyjxhwv, n, c
zyxmakuoqsrg, uoqygztmaxks, r, t
jliqzoesuhbk, ivozjksubehl, q, v
upwajxgebfcd, lpafxewdjcbg, u, l
lvebsjokznmi, miznvboesjcl, k, c
gucnmxrvlfob, lburmdncxofg, v, d
qicfbglrwuxy, iypwuxrcbgqf, l, p
jnewgfiypkdm, bmwedfyigpkj, n, b
caghdepuilbf, lgfdcuxpbeia, h, x
rjwfvaysupdx, fsutyvpwjadr, x, t
fodsmucbijzw, ibwjsodfumvc, z, v
aonbmuvxqjef, uxfboaemwnvj, q, w
bmylczpnviku, lnmzakubcivy, p, a
uwlpjxcagvor, gjcopvruxmla, w, m
itklewqochbs, tziwkoshbqlc, e, z
wjcdaquxgzpf, wazcxupgqsjf, d, s
esfnwcqxohrd, esozrwdhncqx, f, z
hcjnvasdltur, chrdynsvluat, j, y
wjfrcqgtkdph, ptjqekgdfwhr, c, e
rlhzdgxmownv, crnlhvgoxzdw, m, c
dvgajtizsyox, ivsxodgjzytp, a, p
zrusqgvlhapf, zqsghpwrafvu, l, w
qncixuejktpw, xitwencupkoj, q, o
gfrxjpaoyqvz, jyqzofgrvuap, x, u
fynowesdagxc, jwafdesocgnx, y, j
xvhngdqiroaw, rqlgdoxvaiwn, h, l
bljidzmrotyf, luzmfbotyjri, d, u
rpbgmdfnoxts, rpsqbtmgxodn, f, q
bpwjrdckuqng, ikduwrjnqgpc, b, i
vjbfznceudih, zjiebfdvnthc, u, t
tzywjoelmbgf, foythegmwjbl, z, h
nezacbiqpsgh, niawchzgbpsq, e, w
olsmpfheazxw, slxpfohemcza, w, c
hbjmyrznoudg, obuzydhgmirj, n, i
ymdiaxlwcogz, ymizxadlowgr, c, r
edfjbpgavruo, dojpvxubgfre, a, x
bmljrepsthky, yknhbjmrlste, p, n
xykrbauhoemf, foyasmeubkxh, r, s
rmtnovuxgcie, egonutvicqmr, x, q
nutmopsbfwhd, nmfudhsowvtp, b, v
xitwencupkoj, qncixuejktpw, o, q
plgetywvsouz, eplvuzwgtcos, y, c
trxiwbyuopmk, piyurxfbmwko, t, f
sepzwfhdimvr, pzvsmfehrwai, d, a
hcuxqzvsglft, fvluxqshgytz, c, y
qaxsdcikuowb, wkdbaquxcioh, s, h
bvyojtlnhdpg, glyotdnxhvpb, j, x
axnrfpdgyilt, nyadtgrulfip, x, u
slfpzhmtvbyi, hplfzjstbiyv, m, j
dhtjoblxersn, dtsojklerbxh, n, k
vawsfztpugkm, mgfvpbtuwsza, k, b
ithyoukwgepr, hytkseuwoprg, i, s
fhtvuarjcbsn, ajbtuschrnkv, f, k
clingapztryw, rwylagizncmt, p, m
ncbdjtsfzhiu, chdjifnbzmsu, t, m
zqsghpwrafvu, zrusqgvlhapf, w, l
pvwuqfmhlezo, fwvhoujqpzml, e, j
ghpbqwktucvy, bctwkvguhyzp, q, z
sehnubrxfwiq, bwefqhxisnar, u, a
utodhsxbyckm, bymutdoxkhcz, s, z
sgcbhxjlywin, xsyghvbwjcli, n, v
szruilfxwgmq, zwsgjquirmfx, l, j
wdnxpceglryz, xyvlwdgrnpez, c, v
gqxuksaopfbr, skprqjubxgfo, a, j
yctvxouqaseg, kscqaguetovy, x, k
qlyzahvwfbxo, qfbiwyzaxolh, v, i
mazrgieqyuwd, zrdqwameuhgy, i, h
vszkxjlebyng, ylbjvnpxkegs, z, p
ihdvtzxfombq, hxdzobtavqfi, m, a
nveljwudghob, jnuhblqgvweo, d, q
ugowcsvqearl, srgecqfvualw, o, f
bswfczpndyte, yiefpsdcnzwt, b, i
przegofdxnib, frdbzikexogp, n, k
twcxpfqrvedi, djeqvwtxircf, p, j
ztoscalbykiw, ckistloabezw, y, e
atfpsbqyuoik, bptwuykoiasf, q, w
wazcxupgqsjf, wjcdaquxgzpf, s, d
odxnzcwaqyrf, dnfywcoprazq, x, p
ryjhwdmcenxg, hmrgeqdxcwny, j, q
plgetywvsouz, zpyoevlrguts, w, r
lskcudbopgav, bdackzuovpsl, g, z
ebcvuqixogpd, doypbugxqvci, e, y
ahsfcuneritj, fiuhencasrwj, t, w
sxogydnpmzbv, sgdjbnomypxz, v, j
extwvocjbnsy, weftsbncovyj, x, f
rpabdztlxcuh, aurpdckbxltz, h, k
slhfmwpcqkbr, hjqwbmrscfpk, l, j
edoqufyvrmit, mfiqvtlrdeuy, o, l
lbqszmekjgwd, dsgjbemwlqkh, z, h
lxucsavoigej, ecavjkilgxou, s, k
bswfczpndyte, ybztjsnedfpw, c, j
gajwzxofdrmu, uaxdjfmzgroh, w, h
jpnwmczakoxb, iaxjombzwcnp, k, i
gtrhpslqnfui, pqznlisurfth, g, z
fzbjyxewkruq, zmreywujxbkq, f, m
htijbrazgwom, fiwgjabhmzto, r, f
vlwnpyiahftx, fxptwliygnhv, a, g
vuersmhxzyto, ehyxrtivszmo, u, i
ezgvwlupjaoq, ujtpaoqlzegw, v, t
dgezkwqlnhpf, qzlefhkyngpw, d, y
qdapnbiscvmz, qvhndcbmzisa, p, h
lvebsjokznmi, vezstlomikbn, j, t
zhgwimpdxsov, wphdzcogxvis, m, c
elqgvukadbwo, abevgofkludw, q, f
bljidzmrotyf, tylmjzgrfbid, o, g
qmlrahwgiyox, bygormwqilah, x, b
ckdqnfmhoivu, mvfqndhoxiuk, c, x
ixobgshpduat, xhuoatwpgdbi, s, w
nziotghfxuwb, bzhwxngfouat, i, a
aubmkqfroscz, agqmfcrsobzu, k, g
foythegmwjbl, tzywjoelmbgf, h, z
ozeikfucxgra, ozrxcyagfkei, u, y
ftvadwyrglik, fatcydlgvrki, w, c
gwybvpatzmnx, pumgwnabvxty, z, u
ludemnxysopf, ykxfuosmlepn, d, k
ajpelfouindx, jdnlpouefxwa, i, w
xnoczdiylhva, vnchildeozyx, a, e
mhqwkjiulcxg, ijwtkucxmlqg, h, t
dnwcmvugsjak, mncueskjvwda, g, e
kyrpcdbgsmvw, wprvygbcmdsn, k, n
gqxuksaopfbr, gdobxapksruf, q, d
hdaxefsbijqw, isexdfzbqhaj, w, z
uvxrghecqnto, reugnqovbchx, t, b
onfbcyeulkiw, kdenylicofwu, b, d
uodvcqfkxsze, zfdukgexcsqo, v, g
mexqovtnjhbr, xqbthzrojnmv, e, z
gnsmvhdtfroi, hnmftgxrsvdi, o, x
jiasywgtmpru, iuwjvmgypasr, t, v
gdtmaexykvfo, ekvtxdoymfgc, a, c
xzqsimdafklc, saflcrxzmdki, q, r
agkjiuwcbezy, kcbgyqjwauez, i, q
bvlmaourcezx, locuaxfemvbz, r, f
yfgjepndvrza, zcrvnypdgfja, e, c
xwehkvugsnzb, nxwmezkbhsgv, u, m
nlwvakjsuigr, aurwklisgvbn, j, b
fkmdvhlcwoqz, lzcvmohtkqdf, w, t
bgyuestmrwlp, zluwbepgtrmy, s, z
fglzvxquhais, vzsqalhgnifu, x, n
yigfomckjrvn, orjyinmcakgv, f, a
oupywckjngdt, gwdctyunvjko, p, v
gjzlcnpixosr, gxiojrszlpcd, n, d
jsxrfcebtgip, irxeljfcspgt, b, l
meahsqcgvidu, svqodciaghue, m, o
utoygaqvzcrh, otgzcvquahye, r, e
ihdvtzxfombq, tqavbxmdzhif, o, a
xwehkvugsnzb, kuxbsfhvgezn, w, f
hyjaudlfboie, aoyeulfbjhdg, i, g
yfpwcuesigkd, hifusywkcedg, p, h
ivozjksubehl, jliqzoesuhbk, v, q
kmenvlrdicgo, ngebcrdovkli, m, b
frxkmonjbduy, myoujrhfxbdn, k, h
hrcanuejvodp, vfnuoperadjh, c, f
xyhznembkqvl, qvehknmbzlpy, x, p
onfbcyeulkiw, kblowuepnyif, c, p
qxwrsheazdno, esozrwdhncqx, a, c
rvgfoqnkdmbx, rkbexvmgqond, f, e
eoqtafuhbwsn, qnbmotuahwfe, s, m
mjqxueybopkh, hqempkryjbxu, o, r
rmujtswyhlko, lmoywqkhurjs, t, q
aicjmsletxqv, qcjitmaxhsve, l, h
hkiquprsfzln, pqznlisurfth, k, t
fiuhencasrwj, ahsfcuneritj, w, t
ymnghofbajie, nygmpbehoafi, j, p
bwefqhxisnar, sehnubrxfwiq, a, u
mldbaxgoqhjr, ormdcabjqxlh, g, c
fnuwxckijeqp, wigqkfpcxejn, u, g
mtegfrovuxwc, gwuomejvtxfr, c, j
rievgbpkjyfo, zybekpjoifvg, r, z
ghztknyerclb, rgbkjcenlhty, z, j
qzlefhkyngpw, dgezkwqlnhpf, y, d
uzrmdlwvfkat, wytarmzvlfud, k, y
cxwbugjyaqhd, exdjqchbaywu, g, e
hfxsvnpjzatk, fzshalnktxvj, p, l
hprmkbzwgvut, mkvwtphzgubl, r, l
ycblmopvgtsj, smpbgwtojvly, c, w
nvducxryhzfl, uyczjnlvfrdh, x, j
svzhtijlpuoe, vazthleuipjs, o, a
xbslnjwyzrdg, lbdzjxrngskw, y, k
vzsqalhgnifu, fglzvxquhais, n, x
xwfokayrjtsb, oarykgswbjxt, f, g
enwrzuitygvo, engiytuoazvr, w, a
imafobypclqd, flpqkdcbaioy, m, k
mdqptbcnhyir, ynhrtmdbipcl, q, l
eoqtafuhbwsn, bshnltqwfuea, o, l
qfbiwyzaxolh, qlyzahvwfbxo, i, v
unpdysxtiejo, gtoyunpiejxd, s, g
hscmpalnfyzo, caopensyflzh, m, e
lsbryhzjaxeq, oqajybrehzsx, l, o
gwdctyunvjko, vcsoukgtnwyj, d, s
bsxhlcrdwqgn, cqwblrgnszxd, h, z
dfkegbunotlq, oxndlegbkquf, t, x
hvxbospmydte, epjhbdxsvtym, o, j
jpnwmczakoxb, axnokmzvjbwc, p, v
epfwknyhzqgj, qzlefhkyngpw, j, l
gvrlbzckstnx, ctrkgxonvsbl, z, o
enwrzuitygvo, oqervnuigzty, w, q
luvikyxewsac, yliseacvbwux, k, b
enwrzuitygvo, zwnpyreuvotg, i, p
unjoxwfmzctg, cfnuxowtjmzb, g, b
utrfwpehbzlv, hwebfxltuzvp, r, x
hkiquprsfzln, rhnsquiefkzp, l, e
lkqsoxabprvu, hoxkbslruapv, q, h
dftxynkoeqcp, ejqkyptodnxc, f, j
jvotwpabkcne, ajcwvbnpltoe, k, l
awoueqtgmrip, prtwgmodiuqe, a, d
nxwmezkbhsgv, xwehkvugsnzb, m, u
eycjsxzlbdgm, bxscyzlmtedj, g, t
kzrjogmfiwqh, fmizghkjqrwa, o, a
cxwbugjyaqhd, pagwbyhdjxcq, u, p
gbvuhjifpzcd, vimcubpjfzgh, d, m
bjuqnkzvpsmr, nbrksueqmpzv, j, e
jhyapdrukteo, dpotghyekjua, r, g
gxvaqontciuz, zvcanuwgxtiq, o, w
gwdctyunvjko, oupywckjngdt, v, p
soeibjuxgfwt, jbgosixpewuf, t, p
ofdezqmbwkpi, kpidmoqbrwef, z, r
frdbzikexogp, przegofdxnib, k, n
adcfkeqrsxiz, dkrqzcvasxef, i, v
kjbpitulcrsf, jbritcnusklf, p, n
nyadtgrulfip, axnrfpdgyilt, u, x
brtinjeuxahz, rihuetcbajnx, z, c
raoqudfkwtcp, upodcrfavqwk, t, v
qzlefhkyngpw, epfwknyhzqgj, l, j
lpghznfjdysq, hznsyfgpblqj, d, b
pzqxdbevhjua, uezbahndvxqp, j, n
fnuwxckijeqp, qncixuejktpw, f, t
zfdukgexcsqo, uodvcqfkxsze, g, v
sxfowmatryeq, wegqfymtraxs, o, g
hznsyfgpblqj, lpghznfjdysq, b, d
cxbysnkftqdl, bnrqtylfdxks, c, r
ymxatlcovzwh, mhxwecyovlzt, a, e
kdtvursmbieq, rtvsiqjkbdue, m, j
fhdmatsyuicz, dzuhmbsytaci, f, b
zvcanuwgxtiq, aticfzgqnwxu, v, f
phujmeckzwad, wtczumheapdj, k, t
htamiluzokfn, mukthnqolafz, i, q
nmhsgbixuedq, gmesdqnhiubr, x, r
binuylmprfsk, fybvriumnklp, s, v
gnmrhcktsqzu, kwhgctnzsurm, q, w
wphdzcogxvis, zhgwimpdxsov, c, m
mtaxvelghdzc, gvlhtzxaefdc, m, f
pcgzeyrjsiwd, ywgresjcdzbi, p, b
icfvmpxykrsd, cpihmkvsdyrf, x, h
etuzwribojhm, mwzbpeurtioh, j, p
jksxlgntvpze, kxjgeptlvzis, n, i
udzqfnphklwc, pnhkcdwqulzb, f, b
xdbljzwtmavs, ldxbtjmusawv, z, u
npbdikgloyfv, glkepvdnyfbo, i, e
stilzbvgekjy, tzilykgxvsbj, e, x
lngizfqktpou, pinkgzqtoufe, l, e
ivksfbmtwydh, kwifhpvbsdty, m, p
odhusmvkebxf, bdhkeuvxqmso, f, q
mlgxouvfbhwn, bmvloungfhwd, x, d
flvzycpomtdn, lpdfvmntocyg, z, g
kxghvwjozman, xznvoakjmhwe, g, e
fseoqdvicznx, qvfzdsxhicoe, n, h
aticfzgqnwxu, zvcanuwgxtiq, f, v
fvhxniratezm, iefrxnhmozvt, a, o
kcbgyqjwauez, agkjiuwcbezy, q, i
lvqeujpwcxyt, phcyqxvwtelj, u, h
wozcemnuxyap, penycodxmuaz, w, d
ijwtkucxmlqg, mhqwkjiulcxg, t, h
mscutewfkpiv, smiwtkebfucv, p, b
pnhkcdwqulzb, udzqfnphklwc, b, f
abevgofkludw, elqgvukadbwo, f, q
edautlfomwhq, mohdqabfultw, e, b
dzuhmbsytaci, fhdmatsyuicz, b, f
fsnquyoialck, ouyaqkcsilbn, f, b
vnjeoqztmhgu, qglnmeuthzvj, o, l
rcjbfpiayqgh, npiygcjrqhab, f, n
lmoywqkhurjs, rmujtswyhlko, q, t
xsmnwgclyetj, xyjlctgspmwe, n, p
fgkarhodsjiz, jnodsirghzak, f, n
grupysxfjmdt, zmfrpujydstg, x, z
gtkozlcavyru, kctluborzayg, v, b
ldxbtjmusawv, udnltwjasxmv, b, n
ajcwvbnpltoe, jvotwpabkcne, l, k
srgecqfvualw, ugowcsvqearl, f, o
znomwjiqprvt, jtohmpniqzvw, r, h
updnogzwtyaq, dqugzwypftna, o, f
vhmbcjgzqnes, qcehvjsybmnz, g, y
ljrkvbzcqeph, cvkbhlztejpq, r, t
prtwgmodiuqe, awoueqtgmrip, d, a
cmtqvfdljgok, ogdkjmvfcnlt, q, n
jtqyoficlhep, lkfejoctihyp, q, k
usqagjdnbtkv, bvkqnugtdhaj, s, h
otgzcvquahye, utoygaqvzcrh, e, r
zvcanuwgxtiq, gxvaqontciuz, w, o
xfapbhonkisj, pnxfoakhbigs, j, g
obcpxgnvfldr, dnbcapglrvxf, o, a
dzfxgtbnrcyv, crydfgztxbiv, n, i
rmqkiwdfhcxl, mlvhrkcwxdqi, f, v
hmzjglydivso, zidshgmvyrlj, o, r
uoqygztmaxks, kmyaowxqztug, s, w
sgptjomrefbl, pitrebojmsfg, l, i
oeulxivcqrhk, lzvhouxeckqi, r, z
rwylagizncmt, clingapztryw, m, p
hpvduogsciqx, spwigocquvhd, x, w
zvcanuwgxtiq, igxpavzqwtcu, n, p
lsbryhzjaxeq, bqsreuyhlxza, j, u
uwkecmhgtidv, ecvydmihkwut, g, y
wypbomfzdtgk, zkwtdybmfjop, g, j
hjqwbmrscfpk, slhfmwpcqkbr, j, l
cotpwfvblxed, dplcwvtybxeo, f, y
rhsnaqumpjcw, mhsrcunqxpja, w, x
wjzeoktynqlg, ndowyjlzqegk, t, d
tpbxnqefulgs, lbthspunxfgq, e, h
pcruimtsbvfj, uvfswbirpmct, j, w
zmxydakrpouv, yoarumpzvedk, x, e
xslgmvintwkc, kgtnmcwibxvs, l, b
cxjszlyvqodf, flovydjzcxps, q, p
uksbgvordjpz, roukbsvjzpcd, g, c
xdfbvleqpzig, xbidlvmgpzeq, f, m
rbjvcxsnauhi, rbjinsmahuxc, v, m
ldxbtjmusawv, xdbljzwtmavs, u, z
uoqygztmaxks, zyxmakuoqsrg, t, r
akhygdlrwjxb, wxtrybajkhdg, l, t
odmabjknwght, obkdthmgjasw, n, s
oxfikbgqesav, avfobxzqgike, s, z
nubxzkgyjfsl, sbozgunklxjf, y, o
rtvsiqjkbdue, kdtvursmbieq, j, m
fedqjvrbgatx, bvejgxiqtarf, d, i
vmjfaregzqdc, fqmajvebzgdr, c, b
lzvhouxeckqi, oeulxivcqrhk, z, r
nfpeqamtklrj, pxtfrqljmena, k, x
ghizronjeapl, rzjnhofgpeai, l, f
ejqkyptodnxc, dftxynkoeqcp, j, f
vkoxcniuslgy, iulotycsvkxn, g, t
ncldthxvgowr, crnlhvgoxzdw, t, z
hxftmkiwroqb, fpxiqhmokbtr, w, p
lwcfzyxkvaqn, kixlywacqnvf, z, i
rgxfdnmbwths, tmxsuhdrbfgw, n, u
hxftmkiwroqb, idfhbrkqotxm, w, d
pbgcmztuilwr, uzlrbcdiwtmg, p, d
oylufkrzwvae, kyewratlvzof, u, t
xjsztikwqrof, tnixrzqowksj, f, n
yoarumpzvedk, zmxydakrpouv, e, x
rzgbxndsqmjk, sqkgznlrjbdm, x, l
ghkmnyudolbe, kbghdemuionl, y, i
penycodxmuaz, wozcemnuxyap, d, w
nuxpicstrkwl, nirstkcxumlw, p, m
hyzwcnguqavr, nhwvaqcyfgrz, u, f
nuxpicstrkwl, xwrcinkdupts, l, d
vfkjxnpeuqly, esjynvuplxqf, k, s
ikabfnlmyojc, libocfmnwkyj, a, w
rscukixvagnf, nckvragfxoiu, s, o
fhakmpjszoet, obshmfakzpet, j, b
ormdcabjqxlh, mldbaxgoqhjr, c, g
pnxfoakhbigs, xfapbhonkisj, g, j
grupysxfjmdt, dfrutmvxsyjg, p, v
mxirvfqknspz, vgkpnqizmsxf, r, g
kycpfdvebqom, ocpkvlbqefmy, d, l
aoxnbizuptyj, jyipqxnuboza, t, q
ytiebwxjuvog, waxibjgyuevt, o, a
bzmkncufjtxo, cfnuxowtjmzb, k, w
fpvgkdaxriqz, kvazmfgprqdi, x, m
prmezlqxsafd, frduselmzqax, p, u
fqmajvebzgdr, vmjfaregzqdc, b, c
iuemjsvtlxbo, jizbmxstouvl, e, z
ogfrecuibjpv, ejbvfirgpxuo, c, x
esjynvuplxqf, vfkjxnpeuqly, s, k
zdbaeyknsuiq, uszbcyqnkdea, i, c
bswdnuzeqmga, awdgnsueczmq, b, c
uwkecmhgtidv, udmcshitvgke, w, s
hmrgeqdxcwny, ryjhwdmcenxg, q, j
jcudqzlhovxw, iwvqjuxdcloh, z, i
ijhqgflytdea, dqeyfihljavg, t, v
dnbcapglrvxf, obcpxgnvfldr, a, o
fhgrupnmwzcl, mfwcluzhknpr, g, k
bwcpafhxirqy, xajwhbpiqyfc, r, j
ktflcishdzqb, szfbligtqkch, d, g
cmtqvfdljgok, mfwcdgjqkovt, l, w
toqjrukpwngm, piwrgmqotujn, k, i
uaxdjfmzgroh, gajwzxofdrmu, h, w
aurwklisgvbn, nlwvakjsuigr, b, j
xyvlwdgrnpez, wdnxpceglryz, v, c
owgkatlemzyj, tgzoleykumwa, j, u
dgukmlwebzoh, dklzobhufgwe, m, f
ahqiunlctreg, lrnihextgacq, u, x
flpohzcnruvk, hvykcnozuflr, p, y
ibdtoxmjezvy, dmvbzojeinyt, x, n
lgqvnydepktc, lvkedugptqyn, c, u
iefrxnhmozvt, fvhxniratezm, o, a
htbmskcdvena, vdhemnkpsbct, a, p
onrmbwgxaltz, mjbatxroznlg, w, j
cdtvzkxnuhlr, czvhxukdqlnr, t, q
srkgnhviqbpc, qvshnkcrpbeg, i, e
vlsphobacznf, cefvobhspnal, z, e
ypxiokfjlqsr, yjpximqlfkos, r, m
kvwjhszyenma, weqshymzkjav, n, q
vxufzhdansec, pczehfvudxna, s, p
lihkxcfqtvdm, rtqimkdhlvfx, c, r
ijbzswvyhgcx, xsyghvbwjcli, z, l
ynhrtmdbipcl, mdqptbcnhyir, l, q
ijamslpcveud, eumlwcjpsdai, v, w
jcqmarikozun, usoqzkncajrm, i, s
xtqnkbypfmie, eimntkxqpufy, b, u
dbljgkrfwnsz, lbdzjxrngskw, f, x
tzilykgxvsbj, stilzbvgekjy, x, e
vezstlomikbn, lvebsjokznmi, t, j
ctrkgxonvsbl, gvrlbzckstnx, o, z
zwsgjquirmfx, szruilfxwgmq, j, l
sezlyxgrphko, xzsklhrygjoe, p, j
mvgfrxokejtw, gwuomejvtxfr, k, u
eumlwcjpsdai, ijamslpcveud, w, v
fmiaekltqbxs, wxlmtqbafisk, e, w
cxrmfohuydaq, rmyoidqfaucx, h, i
penycodxmuaz, noyamdzfcupe, x, f
tsirewqnfcgb, ndgwsfqetbci, r, d
fxyenvrkspju, npovfekusjxr, y, o
aniqzkrwebvj, tjwveknbizrq, a, t
bvejgxiqtarf, fedqjvrbgatx, i, d
wanlgpdibmqe, pilefgnwqadb, m, f
wanlgpdibmqe, aewplnsmdgbi, q, s
vezstlomikbn, nibzukosltmv, e, u
ncldthxvgowr, donrcbxtglhv, w, b
byqicgmnhfxp, lbhqimxfygnp, c, l
hvumpwojlsrt, lwjvtnpumohs, r, n
aoxnbizuptyj, uizhbanjxytp, o, h
esbmzrqjckwd, kvzmbsqerwjc, d, v
yliseacvbwux, luvikyxewsac, b, k
jvbsmteolfxp, vtpbfnexmjol, s, n
phcyqxvwtelj, lvqeujpwcxyt, h, u
yszvkqguahnl, zvkunyqcgash, l, c
tnubxgmjyzhc, ncyzmhbxujat, g, a
qvshnkcrpbeg, srkgnhviqbpc, e, i
vfnuoperadjh, hrcanuejvodp, f, c
okgbzidepavh, pgkdahezjboi, v, j
lgucibkhqxpw, gupiwqxchbkv, l, v
wupgcyxisnqv, scvpjxyqnuwg, i, j
epdvyhzuxgil, pvydheiumzlg, x, m
tyovlsagmdkb, gypvlmtdosab, k, p
lqexbwksgrzp, berskjpxglzw, q, j
yapvhrefjubg, zeyfvjhaprug, b, z
migsjnawufvp, wsmlnapfuvgi, j, l
xyjlctgspmwe, xsmnwgclyetj, p, n
esbmzrqjckwd, kzmewbhscqjr, d, h
kqcsnxtldmov, lvuxnqdkmsct, o, u
qnsuybjgwirf, msynqbwiugjf, r, m
szfbligtqkch, ktflcishdzqb, g, d
orjyinmcakgv, yigfomckjrvn, a, f
rckespyjxhwv, hsrwxkjypevn, c, n
hdonbmfqxewu, demxfhqbniow, u, i
wpxmcrjoygvl, ycxmwtjlrgpv, o, t
flpqkdcbaioy, imafobypclqd, k, m
ifourtcnkyde, ngdureticfko, y, g
wprvygbcmdsn, kyrpcdbgsmvw, n, k
bxapjusgwkym, psxagyjukwhm, b, h
bshnltqwfuea, eoqtafuhbwsn, l, o
oejwlufrzkqi, uwomkizflejq, r, m
pxwinzbusaqh, hswznbqxyupi, a, y
mgtiezpqbhrv, reqhigbvpztk, m, k
dxsenrwptkcf, pfbntscwrdxk, e, b
khlrwigubnex, wrhxbgalukne, i, a
wtczumheapdj, phujmeckzwad, t, k
kzwumdyhilnb, nkblmhigdyzw, u, g
husynwpexamd, uypendsxawmt, h, t
vimcubpjfzgh, gbvuhjifpzcd, m, d
ncyzmhbxujat, tnubxgmjyzhc, a, g
clwgxnmvjyor, wpxmcrjoygvl, n, p
wpxmcrjoygvl, clwgxnmvjyor, p, n
hxdzobtavqfi, ihdvtzxfombq, a, m
tycvknfawqsh, ktvfdcqsaynw, h, d
yzfkrwujpqmo, zwjruypqohkm, f, h
sgdjbnomypxz, sxogydnpmzbv, j, v
bqaifntkrhog, oqnghbrkfjat, i, j
vdkupawefrbs, vhawbkesdufr, p, h
qduvfieoytbx, oaidbyuqtvxf, e, a
ctiygxofaewm, wmgyftiejcax, o, j
tkmwgdcfblap, lbactgmduwkp, f, u
jztscgkfpryu, stckrgzpyfji, u, i
zpyoevlrguts, plgetywvsouz, r, w
lqjhkzrgedtx, hljkexruqtdg, z, u
xyfbqwucirpn, iypwuxrcbgqf, n, g
zegaqbosmruv, zjemgravbuso, q, j
kyqjtgpaohub, uqrjaoptybhk, g, r
rfbuglhidcve, eflubihxgdvr, c, x
jtohmpniqzvw, znomwjiqprvt, h, r
eatwsfnqgldo, gqtfroldewsn, a, r
ibtkdzsgqlec, kgsdtqulczei, b, u
qcehvjsybmnz, vhmbcjgzqnes, y, g
sqinbdvayoxp, sobyicvpxand, q, c
oqnghbrkfjat, bqaifntkrhog, j, i
alvxqnfduwoy, qadeonuxvwyf, l, e
qnbmotuahwfe, eoqtafuhbwsn, m, s
hucbqewplivm, mvuqehbpclwr, i, r
chrdynsvluat, hcjnvasdltur, y, j
wldymkuzbjnc, cmzyliwjnudb, k, i
caopensyflzh, hscmpalnfyzo, e, m
tjwveknbizrq, aniqzkrwebvj, t, a
dojpvxubgfre, ejbvfirgpxuo, d, i
tkmwgdcfblap, gdflptykwmba, c, y
fgdbmzxtposv, xdtzombpsgfw, v, w
pumgwnabvxty, gwybvpatzmnx, u, z
donrcbxtglhv, ncldthxvgowr, b, w
ylbjvnpxkegs, vszkxjlebyng, p, z
jvbiotrcguxz, ibztrpxcgvju, o, p
skanvxtjwplo, noxwszvtkapl, j, z
ysjvbkfiqnum, vjpfibyukqnm, s, p
genosrzkplbq, znroqlkjsbep, g, j
libocfmnwkyj, ikabfnlmyojc, w, a
yknhbjmrlste, bmljrepsthky, n, p
fvluxqshgytz, hcuxqzvsglft, y, c
kvipanbtmfxz, jbivantmkxpz, f, j
iulotycsvkxn, vkoxcniuslgy, t, g
udgjwtlbmrfa, jutarmkdwfbg, l, k
kmqgdzobsxwe, omdzbgxswqer, k, r
swvroladbgqt, drgowlxabvts, q, x
rpyvahmqjgkd, ajgkpmrxvydq, h, x
uvfswbirpmct, pcruimtsbvfj, w, j
epjhbdxsvtym, dmjhspyetvub, x, u
wsmlnapfuvgi, wigsnvlfpmuq, a, q
irpqybgaxume, pxuorqamygbi, e, o
jersoghtkmxb, bkjgshexftmo, r, f
nfkvywqxmods, yvzmknoxsdqw, f, z
akgnsjldztbm, kadsmbjgnzet, l, e
srecmqfoyghv, qsghtvfoeymr, c, t
auzlfojbesmy, jboflunsyaem, z, n
jbritcnusklf, kjbpitulcrsf, n, p
cpihmkvsdyrf, icfvmpxykrsd, h, x
usvlmqfwezgk, vzfkgslmweqo, u, o
obuclegkqayp, pugckwobqaye, l, w
yjwbflrpvtck, ptwarbvylckf, j, a
ltdmwroxyfjs, wlodtjrfspmx, y, p
udworyipjmkn, kujdnypimxwr, o, x
vxmlbhtpzrso, rtxosyvzhlpm, b, y
pqznlisurfth, hkiquprsfzln, t, k
usvlmqfwezgk, gsmwzfqlvken, u, n
glkepvdnyfbo, npbdikgloyfv, e, i
hplfzjstbiyv, vztlpriybjsh, f, r
wanlgpdibmqe, almdqowbengi, p, o
fucwkshgvizr, fvurkgzdihsw, c, d
kaxodivrtghn, vagkrhdoxntc, i, c
zeyfvjhaprug, yfpveigjahzr, u, i
hnmftgxrsvdi, gnsmvhdtfroi, x, o
qkhcrneijzya, zrafynchkiqe, j, f
jutarmkdwfbg, udgjwtlbmrfa, k, l
pavyctxenfju, cbypaxtujnvf, e, b
ygxwpinjtmdu, pngcwuyxditj, m, c
dsgjbemwlqkh, lbqszmekjgwd, h, z
bcvltusgrfpi, fiubsztrvclp, g, z
mlvhrkcwxdqi, rmqkiwdfhcxl, v, f
dojpvxubgfre, edfjbpgavruo, x, a
pitrebojmsfg, sgptjomrefbl, i, l
xuhgtbvfpmnc, xofgcptvhnum, b, o
lrxnftqdmsyk, bnrqtylfdxks, m, b
vfylkuitgzjd, yjkutvdfwzig, l, w
akxwrpdnmqgs, rptdxswngqak, m, t
wfaopjnuyqdi, oqdjuipamfyw, n, m
ejkfhbpoqlsz, eojbqkwpfzsh, l, w
qcrdotugvpyi, voucnqgdirpt, y, n
dfmvzqbrwaxi, drmqwbeafxvi, z, e
uomjtqkafxys, qjotfyspxmka, u, p
urdizsyfcqhm, csmzihgruyfd, q, g
dkrqzcvasxef, adcfkeqrsxiz, v, i
bdackzuovpsl, lskcudbopgav, z, g
vmxpruejoynh, jmpuyvhonxet, r, t
ctkwqgrblhvm, txhlqrcmwvgb, k, x
grfqpwhoaced, epargdwcohbf, q, b
rtcjnswvefia, tvanirfjcekw, s, k
zxkbstduyrfj, buykntfdszjr, x, n
pinkgzqtoufe, lngizfqktpou, e, l
cvkbhlztejpq, ljrkvbzcqeph, t, r
locuaxfemvbz, bvlmaourcezx, f, r
ylpjwoxdvbrg, gjtdwlvrbxyp, o, t
kaynghxsulfq, klnqyufasxch, g, c
upzbvgqonmlh, vhgzmupbsnqo, l, s
dfrutmvxsyjg, grupysxfjmdt, v, p
klnqyufasxch, kaynghxsulfq, c, g
eojbqkwpfzsh, ejkfhbpoqlsz, w, l
gujzkqhnpral, gsplhuknqazj, r, s
smiwtkebfucv, mscutewfkpiv, b, p
tqilexrjvpum, tljxqrcmuipv, e, c
viqmonjwhszk, qmwsdkojvniz, h, d
alkvmutnpjbe, uktenalvbprm, j, r
wytarmzvlfud, uzrmdlwvfkat, y, k
hiarqwvbsyum, svwzurbyimqh, a, z
loyweguazpfm, oayuefmplzwb, g, b
gsmwzfqlvken, vzfkgslmweqo, n, o
fiwubrlaxkvp, klrbwaixpvfn, u, n
klhmtqderpcn, ckeqndgtlmpr, h, g
dimuxbprtasz, mubnarizstxp, d, n
xeqdcubajwhm, exdjqchbaywu, m, y
bwyrkfzdasci, sdrkcywzfaob, i, o
wegqfymtraxs, sxfowmatryeq, g, o
qmwkpinszyef, npwyqfjmszki, e, j
abyqnodtfpcg, cdfhgpbnqoay, t, h
pczehfvudxna, vxufzhdansec, p, s
vqpihgelykmo, voahlmqipgye, k, a
lvkixorefmnj, kjerinylvxmo, f, y
gsmwzfqlvken, usvlmqfwezgk, n, u
xzsklhrygjoe, sezlyxgrphko, j, p
sayotqbugwpf, aequbotpfgwy, s, e
gupiwqxchbkv, lgucibkhqxpw, v, l
ybxznmsrvopt, tvrnpxqsmzyb, o, q
mbdzovhxnrys, smyzxnfobvdh, r, f
pwufsgxijznv, wivujzfnsqpg, x, q
dklzobhufgwe, dgukmlwebzoh, f, m
mhxwecyovlzt, ymxatlcovzwh, e, a
ouyaqkcsilbn, fsnquyoialck, b, f
ucjkgrlvfqwb, hbcrvjkufwlg, q, h
cediwouvgxtn, cquvxitognew, d, q
tdnyojicuklw, ldyxoncujtwk, i, x
xeducbhlvmyj, jhdcyqxelubm, v, q
hrcpvswxfdja, vwbhasjfxdcr, p, b
zmfrpujydstg, grupysxfjmdt, z, x
ozpjghuwetcs, etskowjpugzh, c, k
hxdzobtavqfi, tqavbxmdzhif, o, m
lkacfsgxqunp, pkqsafcyxgul, n, y
jktwasqnrelu, leuqraijknwt, s, i
hzpcfqgnroyw, rqogfynmwzpc, h, m
czvhxukdqlnr, cdtvzkxnuhlr, q, t
grfqpwhoaced, cfdqygawrhpo, e, y
otwnczbmdpea, wdxpbctenmoz, a, x
dqoxkuzghcyj, zhdogtqxkjuy, c, t
hplfzjstbiyv, slfpzhmtvbyi, j, m
burzmvnypcso, zmvpyocubnsq, r, q
sabdlpxmoiwg, bxgapmdoylsi, w, y
fsknbuqjeoyi, yfseijknuqab, o, a
snhotqgymcju, somcqghnltuj, y, l
xgsoepznluar, eopndxazrglu, s, d
vazthleuipjs, svzhtijlpuoe, a, o
jmpuyvhonxet, vmxpruejoynh, t, r
ugnamlirpxyo, lmucyaxonrgp, i, c
ajgkpmrxvydq, rpyvahmqjgkd, x, h
obshmfakzpet, fhakmpjszoet, b, j
jfytramceqdv, radcyftpjmve, q, p
wsmlnapfuvgi, migsjnawufvp, l, j
xhuoatwpgdbi, wxhgafopbuit, d, f
hbxiwoszqlnd, hzisbnlodxqc, w, c
evdmstuhxqab, htakqusbxdev, m, k
vagkrhdoxntc, kaxodivrtghn, c, i
vhgzmupbsnqo, upzbvgqonmlh, s, l
xbehgykucsfv, byhkisxfceug, v, i
crqtigloweab, jtbawoilgcer, q, j
rgevnkqpixdj, riqvxpjgednb, k, b
nuxhiwmfcspz, snocpihwufxm, z, o
hjdbcultzpva, ldabuvrtczhj, p, r
azepyqcwhgkr, zpruekqgcyaw, h, u
piwrgmqotujn, toqjrukpwngm, i, k
vphgknwtzusr, hkgezwuvrpns, t, e
wegqfymtraxs, qrmfwgctayxs, e, c
mfwcdgjqkovt, cmtqvfdljgok, w, l
zeyfvjhaprug, yapvhrefjubg, z, b
dmvbzojeinyt, ibdtoxmjezvy, n, x
fmizghkjqrwa, kzrjogmfiwqh, a, o
jwafdesocgnx, fynowesdagxc, j, y
gdtfqysmluxb, scdutxmyqfgb, l, c
dqifjnazryeo, teqoijarfzdn, y, t
oqlseiuhdvjb, edqolsmbvjhu, i, m
xwmfhsdoyjct, dywjoshxmqcf, t, q
nlfdtjqowyih, otinhpfqljyw, d, p
pqznlisurfth, gtrhpslqnfui, z, g
orcspldgthxk, vlocgpdhrstx, k, v
pzvsmfehrwai, sepzwfhdimvr, a, d
newmftxbajgo, bxnoafmtwvjg, e, v
rzmwfdkexqit, wvxikzrqtemd, f, v
unimyfwvqcjo, mvoywirqncjf, u, r
gsrpdvtqjyzi, ezstjgivqdry, p, e
kawrqfdyhmpo, ymfkwepdqrah, o, e
wmhpgikcrnfy, myrgfkihnpwx, c, x
nyltqkwphued, fdpqhkwtluyn, e, f
bxnoafmtwvjg, newmftxbajgo, v, e
oxiurldngjte, uoeydxtgilnr, j, y
tjnerydwxghq, lrdwthqejgny, x, l
frduselmzqax, prmezlqxsafd, u, p
qznmdxslpfgb, bzsdqmlgoxnp, f, o
dajvytmnlobc, cdnvztlbojma, y, z
acexwrpkofhi, croxpehnfkwi, a, n
dtbxpulfkeic, ufdpjitelkcb, x, j
nirstkcxumlw, nuxpicstrkwl, m, p
jmpuyvhonxet, mctyhvpuenjx, o, c
vqnzdjochgxe, onzxfjdeqvhc, g, f
ztkwrafjgmqh, fmizghkjqrwa, t, i
ezstjgivqdry, gsrpdvtqjyzi, e, p
flovydjzcxps, cxjszlyvqodf, p, q
voucnqgdirpt, qcrdotugvpyi, n, y
jxsconupziyf, xpzsywiucnoj, f, w
dfyatnqcvkuw, ktvfdcqsaynw, u, s
djeqvwtxircf, twcxpfqrvedi, j, p
xbidlvmgpzeq, xdfbvleqpzig, m, f
gkwytcemxjin, wnikysgemjxt, c, s
ndgwsfqetbci, tsirewqnfcgb, d, r
ocpkvlbqefmy, kycpfdvebqom, l, d
yvqwdaxhceus, ixeqchuvwads, y, i
vyzlngshrmdj, zidshgmvyrlj, n, i
ujtpaoqlzegw, pultagjzqwho, e, h
iwrfknhmdetc, nehcfdztkmri, w, z
gsbqcmldpwra, bwndrmgcplsq, a, n
dkrzbqvnupgl, ruqxdlvgkznp, b, x
epjhbdxsvtym, hvxbospmydte, j, o
cbyamsxfqwpt, qbemfpystcxw, a, e
ilqjrenkfwcp, fklewpnjcqrb, i, b
dmjhspyetvub, epjhbdxsvtym, u, x
txlkbmvurzwq, bzwvimurlkxt, q, i
ywgresjcdzbi, pcgzeyrjsiwd, b, p
iuwjvmgypasr, jiasywgtmpru, v, t
ujtpaoqlzegw, ezgvwlupjaoq, t, v
kjwrvpflqxbs, vnpqrlkjbfsx, w, n
otinhpfqljyw, nlfdtjqowyih, p, d
cefvobhspnal, vlsphobacznf, e, z
uoeydxtgilnr, oxiurldngjte, y, j
gvckrezxunfd, rnjkzvudgefx, c, j
eopndxazrglu, xgsoepznluar, d, s
nckvragfxoiu, rscukixvagnf, o, s
fdpqhkwtluyn, nyltqkwphued, f, e
htmayzjgsvoq, szhvtqjoxgym, a, x
cdfhgpbnqoay, abyqnodtfpcg, h, t
oampkefxlwjz, famjpwxzueko, l, u
oxrdlignytpu, uoeydxtgilnr, p, e
wdxpbctenmoz, otwnczbmdpea, x, a
qmerlgdhjpfc, phfqedrjgnlc, m, n
scvpjxyqnuwg, wupgcyxisnqv, j, i
gvwoktsihzqy, gzityqwuovhs, k, u
crqtigloweab, rigqtbazcowl, e, z
mpnckdxtqsea, amqsndpycexk, t, y
eflubihxgdvr, rfbuglhidcve, x, c
hoxkbslruapv, lkqsoxabprvu, h, q
brvpnztkiedw, vpjzkebrditw, n, j
rtqimkdhlvfx, lihkxcfqtvdm, r, c
ouvpfgcblaqs, gbcavkoqlusf, p, k
vtbencdfwjop, jnqfpwdtcevb, o, q
lywunspvotca, tyvaponwumls, c, m
rpsqbtmgxodn, rpbgmdfnoxts, q, f
pvydheiumzlg, epdvyhzuxgil, m, x
qjotfyspxmka, uomjtqkafxys, p, u
kjerinylvxmo, lvkixorefmnj, y, f
mzovpxlctgub, gvoxmtbcujzp, l, j
ptwarbvylckf, yjwbflrpvtck, a, j
jnuhblqgvweo, nveljwudghob, q, d
shzbevragcqw, aewkgqbcvrzs, h, k
fiwgjabhmzto, htijbrazgwom, f, r
wytarmzvlfud, fyduzrwmvati, l, i
yrgzhwdtvlai, rlthigdaybzv, w, b
fxptwliygnhv, vlwnpyiahftx, g, a
czvhxukdqlnr, nrhuzdxvwcqk, l, w
noxwszvtkapl, skanvxtjwplo, z, j
zgeobyahwxcv, wyegahzmbcvo, x, m
bwevsrhmdfza, fvzhbrdsawmg, e, g
uxfboaemwnvj, aonbmuvxqjef, w, q
rihuetcbajnx, xtjcunaibqre, h, q
xhuoatwpgdbi, ixobgshpduat, w, s
bvtxdlzhcsju, ucxvjzbwsdlh, t, w
fmizghkjqrwa, ztkwrafjgmqh, i, t
dimuxbprtasz, bmdizxsarwut, p, w
aewplnsmdgbi, wanlgpdibmqe, s, q
tixlmedzjwvs, ewijdsozvlxm, t, o
qkrdzpovstxb, btvxpdroskqm, z, m
oqdjuipamfyw, wfaopjnuyqdi, m, n
krhspeayndgt, hseyadtgoknp, r, o
smpbgwtojvly, ycblmopvgtsj, w, c
azkyrjuhsmvl, lsvaupmyhrkj, z, p
rjlnybvxugke, yklvnbxeigju, r, i
yhbcwqfxlung, yfnhxqwpulcg, b, p
zwnpyreuvotg, enwrzuitygvo, p, i
wkdbaquxcioh, qaxsdcikuowb, h, s
udmcshitvgke, uwkecmhgtidv, s, w
sjmvtyiahrfl, ayijltufvmhs, r, u
onzxfjdeqvhc, vqnzdjochgxe, f, g
zvkunyqcgash, yszvkqguahnl, c, l
aqmtcsfphgew, psemtcafwnhq, g, n
nehcfdztkmri, iwrfknhmdetc, z, w
nmfudhsowvtp, nutmopsbfwhd, v, b
wigsnvlfpmuq, wsmlnapfuvgi, q, a
riqvxpjgednb, rgevnkqpixdj, b, k
sedachwgnfjk, jhnskwcepagf, d, p
xomwjkeidshr, wromxedhjkus, i, u
zybekpjoifvg, rievgbpkjyfo, z, r
hcpqiwvdumyx, quxpfhydwimv, c, f
txhlqrcmwvgb, ctkwqgrblhvm, x, k
gozjctkqrlvp, qtjvcfogzrlp, k, f
vybdpjxeizka, yaikbvxepjoz, d, o
ivkplbzwurje, rzwevukpbsji, l, s
qgivzmyculde, wvydgzcqeuil, m, w
croxpehnfkwi, acexwrpkofhi, n, a
swrmiqlghypa, phrqynsailmw, g, n
yrgzhwdtvlai, vifwgyhdtazl, r, f
gusajxbhcekv, xcsaeubgkvjd, h, d
skjfvtuwgnyc, vcsoukgtnwyj, f, o
bkdoqnlxhjsa, dbxofslhqanj, k, f
qmwsdkojvniz, viqmonjwhszk, d, h
scdutxmyqfgb, gdtfqysmluxb, c, l
weqshymzkjav, kvwjhszyenma, q, n
cediwouvgxtn, cieowguvxdmt, n, m
axnokmzvjbwc, jpnwmczakoxb, v, p
bzonpxrkqjiu, fqkrxnbuzioj, p, f
gdflptykwmba, tkmwgdcfblap, y, c
zwslakmeuvxr, zraxsqukvwel, m, q
zsyxdwhokcil, kciwlxohdysj, z, j
oayuefmplzwb, loyweguazpfm, b, g
oakliecxdzqg, qigknalzxeoc, d, n
lnmzakubcivy, bmylczpnviku, a, p
zrdqwameuhgy, mazrgieqyuwd, h, i
xtjcunaibqre, rihuetcbajnx, q, h
mfiqvtlrdeuy, edoqufyvrmit, l, o
xhuoatwpgdbi, tdnubagxwoih, p, n
yqdbesljrvgi, ersiglzjqvbd, y, z
wvydgzcqeuil, qgivzmyculde, w, m
sebzpoxtcmqk, sxbcoetlkqzp, m, l
uoeydxtgilnr, oxrdlignytpu, e, p
zaohycwsrplf, phylcwrzqoas, f, q
ukyopzlbtgsn, bgykzstleonp, u, e
pnzlkfsmwruc, mfwcluzhknpr, s, h
deyqpmkxiuha, mypquxhlekad, i, l
pngcwuyxditj, ygxwpinjtmdu, c, m
lkdawsmxoypr, abpsdwmlkxro, y, b
gvlhtzxaefdc, mtaxvelghdzc, f, m
lcmperdhzugq, lziuehpmdqgc, r, i
zrdqwameuhgy, rzayowuhmdqe, g, o
kyifwlxacqbd, crdbaqilfkyx, w, r
zpqmwlarctyi, pawiqtmysrlz, c, s
rdoxbjeiaguf, uatjgedibxrf, o, t
vxhupmkenbdz, nepqhumvkzbx, d, q
iypwuxrcbgqf, xyfbqwucirpn, g, n
nvxcltdgszhb, gthzdslcvnex, b, e
nbrksueqmpzv, bjuqnkzvpsmr, e, j
gswkpxylvhun, vrxwnhglypus, k, r
ymivtrfjgsea, zsmtfeajiryg, v, z
cgwoivlhysbz, lobvhysiwgmz, c, m
wmgyftiejcax, ctiygxofaewm, j, o
nqayvktcrwxj, yvqcxrnawkij, t, i
lrdwthqejgny, tjnerydwxghq, l, x
uwomkizflejq, oejwlufrzkqi, m, r
kbqltepudzij, jpibdlqgketu, z, g
fhrzwspyjukd, whdysfrjzkpn, u, n
cegiuhvltfsn, huvltcoingfe, s, o
oqervnuigzty, engiytuoazvr, q, a
bwndrmgcplsq, gsbqcmldpwra, n, a
hifusywkcedg, yfpwcuesigkd, h, p
vioknrcabyje, hobnaejrvciy, k, h
jfdrwbthyvxc, tfhqbrxcdjyv, w, q
jdfvcrhgyaol, zayvlhcjrdgo, f, z
gouxhkvnsmyt, gvnxysoetkuh, m, e
fuwkpjdyiobg, pbyjdukgfwiv, o, v
qvehknmbzlpy, xyhznembkqvl, p, x
rihuetcbajnx, tigaceunhxbj, r, g
xghcrqovljzw, cjhwlvzorgpq, x, p
oqervnuigzty, enwrzuitygvo, q, w
fatcydlgvrki, ftvadwyrglik, c, w
upodcrfavqwk, raoqudfkwtcp, v, t
amrytegvsxhb, rxyeghtvmabu, s, u
msynqbwiugjf, qnsuybjgwirf, m, r
myoujrhfxbdn, frxkmonjbduy, h, k
brfcmsnykhow, browscmfnvkh, y, v
rkbexvmgqond, rvgfoqnkdmbx, e, f
cauofjwnihdm, sacfouwhmndi, j, s
nrtiwhxdykuq, ulyhrxwtkqnd, i, l
qglnmeuthzvj, vnjeoqztmhgu, l, o
avfobxzqgike, oxfikbgqesav, z, s
ymizxadlowgr, ymdiaxlwcogz, r, c
aurpdckbxltz, rpabdztlxcuh, k, h
gsoavcmrdqnp, rcmoqpavjdsn, g, j
wnikysgemjxt, gkwytcemxjin, s, c
mubnarizstxp, dimuxbprtasz, n, d
oexqjnpwgfsb, fqbeoljwngxs, p, l
tqavbxmdzhif, ihdvtzxfombq, a, o
qxzlstprjeih, hpezlsxijrkq, t, k
rgbkjcenlhty, ghztknyerclb, j, z
noyamdzfcupe, penycodxmuaz, f, x
kqfzowiujrcd, qfgjkroiczud, w, g
idfhbrkqotxm, fpxiqhmokbtr, d, p
wigqkfpcxejn, fnuwxckijeqp, g, u
esozrwdhncqx, qxwrsheazdno, c, a
svqodciaghue, meahsqcgvidu, o, m
zkolqphsvben, hbpesozlvqrn, k, r
bvkqnugtdhaj, usqagjdnbtkv, h, s
qvawjouismde, dkmiaeswjouq, v, k
bogseudftwhp, puecfhwodsbg, t, c
sezyoxthladg, rldoayexhtgs, z, r
glyotdnxhvpb, bvyojtlnhdpg, x, j
ylcximbhknzr, chkxbmriylzg, n, g
bxutpvwdjrfg, wrdptxfgvbjk, u, k
vbsqmgnyicjk, qiyksvbcmjhn, g, h
ewdugnkqhcom, muxowqdgknhc, e, x
nvxcltdgszhb, xhnsgbzcvdet, l, e
idfhbrkqotxm, hxftmkiwroqb, d, w
ysrvwazelxno, xrnomvslzwae, y, m
byetikmgrdsa, bmtyadziergs, k, z
tqavbxmdzhif, hxdzobtavqfi, m, o
hobnaejrvciy, vioknrcabyje, h, k
uktenalvbprm, alkvmutnpjbe, r, j
vbszmowefgqk, vzfkgslmweqo, b, l
almdqowbengi, wanlgpdibmqe, o, p
wrhxbgalukne, khlrwigubnex, a, i
ucxvjzbwsdlh, bvtxdlzhcsju, w, t
rapileqmgfnj, minfjsrgaplq, e, s
exdjqchbaywu, xeqdcubajwhm, y, m
rihuetcbajnx, brtinjeuxahz, c, z
uhnvpdkoemcz, hcozenkvdumq, p, q
dqugzwypftna, updnogzwtyaq, f, o
sznrxiblouwc, onzxubwrcsfl, i, f
ogdkjmvfcnlt, cmtqvfdljgok, n, q
hjcelqouimgx, eoljuqcyghxi, m, y
vrxwnhglypus, gswkpxylvhun, r, k
zukpovmwgscn, vksmnptwcuzo, g, t
qxiewypavjun, xiyvqpwjnuez, a, z
bipyaxnczkdh, dzepinkcxyba, h, e
bqsreuyhlxza, lsbryhzjaxeq, u, j
mgfvpbtuwsza, vawsfztpugkm, b, k
hebtsaguywxo, tghubxnaswoy, e, n
swftkixpmyde, mskfwbxypted, i, b
cshokmgdpzxr, hkncrxzpmdgo, s, n
esozrwdhncqx, esfnwcqxohrd, z, f
npwyqfjmszki, qmwkpinszyef, j, e
bdhkeuvxqmso, odhusmvkebxf, q, f
dcrgbnluoymx, lburmdncxofg, y, f
gdobxapksruf, gqxuksaopfbr, d, q
lbdzjxrngskw, dbljgkrfwnsz, x, f
lnkozdtsuabw, dutzloxnkwbs, a, x
vjpfibyukqnm, ysjvbkfiqnum, p, s
tipwqukeboaj, ujbeaqotpkiv, w, v
baoczkqrxtus, sxbtowazkrqc, u, w
snocpihwufxm, nuxhiwmfcspz, o, z
ujyhbxnsvtgz, nsjfzxhbgvuy, t, f
esfhuomnlycb, hoqcunslyemb, f, q
pbyjdukgfwiv, fuwkpjdyiobg, v, o
auygzqecibnk, augqykmnzice, b, m
eindgpvykmrb, yvdnikpbmgor, e, o
xpzsywiucnoj, jxsconupziyf, w, f
qnsjyihgupcw, pjcqhgwsnuli, y, l
vioknrcabyje, jasoenkvbiry, c, s
mkvwtphzgubl, wgtbpulvzmks, h, s
mvoywirqncjf, unimyfwvqcjo, r, u
mohdqabfultw, edautlfomwhq, b, e
swftkixpmyde, tfsdxeywmkiu, p, u
obkdthmgjasw, odmabjknwght, s, n
xznvoakjmhwe, kxghvwjozman, e, g
kdenylicofwu, onfbcyeulkiw, d, b
tziwkoshbqlc, itklewqochbs, z, e
jhiqoxazdvgk, xivdqarzjkog, h, r
zegdnvykmpis, xdvyzspenmki, g, x
nwaprzbehfky, wnfzrbecapyh, k, c
tgzoleykumwa, owgkatlemzyj, u, j
qlciauzvpbtj, zbijvctlauqs, p, s
yorjpvgmkndi, yvdnikpbmgor, j, b
hswznbqxyupi, pxwinzbusaqh, y, a
dtfayumghvwq, utyqdmhafgbv, w, b
hiawdclofrjq, jlcadfohrqwt, i, t
kzmewbhscqjr, kvzmbsqerwjc, h, v
teqoijarfzdn, dqifjnazryeo, t, y
ejfnutbimckd, cbljfdnmiktu, e, l
ovyqhulksdnb, bnsoykpuhlqd, v, p
gjcopvruxmla, uwlpjxcagvor, m, w
ucfvbzytrpdk, ymbcvutkzdrf, p, m
leuqraijknwt, jktwasqnrelu, i, s
fiubsztrvclp, bcvltusgrfpi, z, g
fzougvbslcwq, wzgvbosqfujl, c, j
pjcqhgwsnuli, qnsjyihgupcw, l, y
lbdzjxrngskw, xbslnjwyzrdg, k, y
glyotdnxhvpb, vdohpxalgbty, n, a
lpdfvmntocyg, flvzycpomtdn, g, z
qdchileonbyx, hcqoiyblnxdm, e, m
gsplhuknqazj, gujzkqhnpral, s, r
kzmewbhscqjr, esbmzrqjckwd, h, d
waxfjpylihse, wveafxpihjys, l, v
iypwuxrcbgqf, qicfbglrwuxy, p, l
xpmyoihvrfdj, odwjvmpyrhxi, f, w
phfqedrjgnlc, qmerlgdhjpfc, n, m
kgtnmcwibxvs, xslgmvintwkc, b, l
sqkgznlrjbdm, rzgbxndsqmjk, l, x
pevgzyujbraw, gpurvyaewjqb, z, q
xdvyzspenmki, zegdnvykmpis, x, g
bqcinsmgtjrv, zqrgjnmibvsc, t, z
zjgomlndhyrp, psjngodmzryh, l, s
ikduwrjnqgpc, bpwjrdckuqng, i, b
qxmdurpynvlb, vqlmdunrtbpy, x, t
eoljuqcyghxi, hjcelqouimgx, y, m
skzrplydfgeu, kdlypwfrzueg, s, w
jisfluocygeq, ijxsfcqgyoul, e, x
gsirywzpcalv, ikypslwavczr, g, k
vxhoqjfmtabe, fbxoqemvjcht, a, c
rptdxswngqak, akxwrpdnmqgs, t, m
tyvaponwumls, lywunspvotca, m, c
dywjoshxmqcf, xwmfhsdoyjct, q, t
mdhzbofkacgp, cfbgdapmhtzo, k, t
gxqjndazihyb, zjhaicbgxydq, n, c
pfbntscwrdxk, dxsenrwptkcf, b, e
gfpluycxnrwh, yfnhxqwpulcg, r, q
pagwbyhdjxcq, cxwbugjyaqhd, p, u
povelkmwubxt, mweurkbotplx, v, r
jbpqygxvfaoh, vpgyjsoabhfq, x, s
bxscyzlmtedj, eycjsxzlbdgm, t, g
bptwuykoiasf, atfpsbqyuoik, w, q
lkdhjoipyefc, lkfejoctihyp, d, t
oqajybrehzsx, lsbryhzjaxeq, o, l
csmzihgruyfd, urdizsyfcqhm, g, q
kzipctxefhba, iapxedtbchfk, z, d
dtgmxclokafq, damtqgklxcoh, f, h
wyegahzmbcvo, zgeobyahwxcv, m, x
fnqhrbkuioxz, fqkrxnbuzioj, h, j
uhnwpyaklcbg, cwdbnalgkpyh, u, d
ujbeaqotpkiv, tipwqukeboaj, v, w
kwhgctnzsurm, gnmrhcktsqzu, w, q
aequbotpfgwy, sayotqbugwpf, e, s
edqolsmbvjhu, oqlseiuhdvjb, m, i
zcrvnypdgfja, yfgjepndvrza, c, e
rzwevukpbsji, ivkplbzwurje, s, l
ecvydmihkwut, uwkecmhgtidv, y, g
kpidmoqbrwef, ofdezqmbwkpi, r, z
kdiznshfjvgy, gsvmkidfzyjh, n, m
igxpavzqwtcu, zvcanuwgxtiq, p, n
ocxgryztakdn, krzvctoxdnya, g, v
xghcrqovljzw, xwvgjaozqhlr, c, a
lvkedugptqyn, lgqvnydepktc, u, c
qsghtvfoeymr, srecmqfoyghv, t, c
rotzjgkpalde, aoekzjtrsgdp, l, s
ruqzxanmhsvk, qxsmhzrvnkeu, a, e
imdlqsncbhwz, lidqcbhfwmzs, n, f
ymivtrfjgsea, teuirmajgsvy, f, u
xmeuravwklnp, ualcwxemrpvn, k, c
ruqxdlvgkznp, dkrzbqvnupgl, x, b
mfwcluzhknpr, pnzlkfsmwruc, h, s
epargdwcohbf, grfqpwhoaced, b, q
ixeqchuvwads, yvqwdaxhceus, i, y
cedmsrxtqjof, dsmeorlqxcfj, t, l
cqwblrgnszxd, bsxhlcrdwqgn, z, h
izbtyavjfsng, tsvyicabfzgj, n, c
exdjqchbaywu, cxwbugjyaqhd, e, g
mkvwtphzgubl, hprmkbzwgvut, l, r
gzityqwuovhs, gvwoktsihzqy, u, k
famjpwxzueko, xuijpofkemza, w, i
snkdbfuxwemq, lmubedfnkwsq, x, l
whpgbecdtfux, pebtfdxujwhc, g, j
ymkhaucgxosb, yoxhacskmgbl, u, l
ynurwjgmzqks, jkyqzwugrmxs, n, x
wnfzrbecapyh, nwaprzbehfky, c, k
lpafxewdjcbg, upwajxgebfcd, l, u
abpsdwmlkxro, lkdawsmxoypr, b, y
uatjgedibxrf, rdoxbjeiaguf, t, o
jtbawoilgcer, crqtigloweab, j, q
xnjposumvrkf, npovfekusjxr, m, e
vztlpriybjsh, hplfzjstbiyv, r, f
famjpwxzueko, oampkefxlwjz, u, l
aoyeulfbjhdg, hyjaudlfboie, g, i
qsxmjhoylnzf, xqnzljbfsmoy, h, b
teuirmajgsvy, ymivtrfjgsea, u, f
uyczjnlvfrdh, nvducxryhzfl, j, x
lmubedfnkwsq, snkdbfuxwemq, l, x
phrcuivxgnky, uxnckpvhyizg, r, z
hcqoiyblnxdm, qdchileonbyx, m, e
vmpzxnyiqkhr, hrmpivgxynqk, z, g
kzbqpucieowx, uvqxzpebciow, k, v
gwuomejvtxfr, mvgfrxokejtw, u, k
jripsvnfqtdl, tuspjvfqridn, l, u
mfwcluzhknpr, fhgrupnmwzcl, k, g
rqogfynmwzpc, hzpcfqgnroyw, m, h
gojzabxupfhv, onzvapuxfhgb, j, n
hkncrxzpmdgo, cshokmgdpzxr, n, s
wjqxrygmlvbe, bjmepwrvqxgy, l, p
tigaceunhxbj, rihuetcbajnx, g, r
qcjitmaxhsve, aicjmsletxqv, h, l
yvqcxrnawkij, nqayvktcrwxj, i, t
aoyeulfbjhdg, nfgodajhyblu, e, n
lqiptuajodvk, jtqowvdialpu, k, w
tsvyicabfzgj, izbtyavjfsng, c, n
vpjzkebrditw, brvpnztkiedw, j, n
ngdureticfko, ifourtcnkyde, g, y
qybuiorkepjx, rqyexpijgbuk, o, g
snkdbfuxwemq, fbsdwmxqekan, u, a
zsmtfeajiryg, ymivtrfjgsea, z, v
opuqmwherzjt, mwperoubqhjz, t, b
oxrbsakghdyq, nhdxqkaygsob, r, n
rqlgdoxvaiwn, xvhngdqiroaw, l, h
vhawbkesdufr, vdkupawefrbs, h, p
nlsxoqyktcar, axtuncslkyrq, o, u
fqgmnlazwoub, nbjoauzmglqw, f, j
bfzaiohnmepy, nygmpbehoafi, z, g
fqbeoljwngxs, oexqjnpwgfsb, l, p
stckrgzpyfji, jztscgkfpryu, i, u
vksmnptwcuzo, zukpovmwgscn, t, g
zrafynchkiqe, qkhcrneijzya, f, j
hrmpivgxynqk, vmpzxnyiqkhr, g, z
pvjynrmtahuq, vthqmoajyrun, p, o
fwvhoujqpzml, pvwuqfmhlezo, j, e
smjtkwvcoari, iawvbjsokcmt, r, b
nfgodajhyblu, aoyeulfbjhdg, n, e
svfxzmtpckyq, okyzstcmfxvq, p, o
vloujzqhadie, zhajuledisvq, o, s
ypgkclzmouie, plzciyaekgmo, u, a
yaikbvxepjoz, vybdpjxeizka, o, d
abmjzurpdqwl, ajmbzluwrvdq, p, v
jyqzofgrvuap, gfrxjpaoyqvz, u, x
obuzydhgmirj, hbjmyrznoudg, i, n
ltzgjvwyefxb, fztcvgblyxwe, j, c
dpwqfylaskot, awfdyktlspqv, o, v
zidshgmvyrlj, hmzjglydivso, r, o
ivsxodgjzytp, dvgajtizsyox, p, a
tnixrzqowksj, xjsztikwqrof, n, f
oarykgswbjxt, xwfokayrjtsb, g, f
mypquxhlekad, deyqpmkxiuha, l, i
jemicfokwxhz, kmxcjfiyzhwe, o, y
wxhgafopbuit, xhuoatwpgdbi, f, d
zidshgmvyrlj, vyzlngshrmdj, i, n
mvuqehbpclwr, hucbqewplivm, r, i
vgkpnqizmsxf, mxirvfqknspz, g, r
tbyaivdjgcen, yabfvjetcgdi, n, f
lkpirguvnoys, ruikvylgcspo, n, c
fztcvgblyxwe, ltzgjvwyefxb, c, j
gjyfqnvlmxkr, krqvfgxmpynj, l, p
lsvaupmyhrkj, azkyrjuhsmvl, p, z
gwuomejvtxfr, mtegfrovuxwc, j, c
pgkdahezjboi, okgbzidepavh, j, v
vnpqrlkjbfsx, kjwrvpflqxbs, n, w
yzswelxgcpnh, ngxylhzswecq, p, q
wlodtjrfspmx, ltdmwroxyfjs, p, y
